{
  "type": "FeatureCollection",
  "name": "Betono centro automobiliu pasiekiamos zonos",
  "generated_at": "2026-09-23T09:25:08.603586+00:00",
  "source": "Valhalla routing engine, OpenStreetMap road network",
  "features": [
    {
      "type": "Feature",
      "properties": {
        "zone_id": "betono-centras-vilnius",
        "company_id": "betono-centras-vilnius",
        "label": "Naujoji Riovonių g. 11",
        "travel_mode": "automobiliu",
        "distance_km": 15,
        "color": "#0f766e",
        "source": "Valhalla / OpenStreetMap"
      },
      "geometry": {
        "coordinates": [
          [
            [
              25.274476,
              54.779577
            ],
            [
              25.270829,
              54.767728
            ],
            [
              25.266476,
              54.768454
            ],
            [
              25.263641,
              54.766081
            ],
            [
              25.270722,
              54.763327
            ],
            [
              25.270476,
              54.75777
            ],
            [
              25.26889,
              54.760495
            ],
            [
              25.263476,
              54.76264
            ],
            [
              25.260741,
              54.758817
            ],
            [
              25.256244,
              54.758849
            ],
            [
              25.256807,
              54.764412
            ],
            [
              25.254476,
              54.765556
            ],
            [
              25.251476,
              54.764602
            ],
            [
              25.251072,
              54.766485
            ],
            [
              25.259951,
              54.766081
            ],
            [
              25.258476,
              54.767193
            ],
            [
              25.255896,
              54.767501
            ],
            [
              25.255539,
              54.769144
            ],
            [
              25.254476,
              54.769698
            ],
            [
              25.254443,
              54.769048
            ],
            [
              25.255276,
              54.768881
            ],
            [
              25.255011,
              54.767546
            ],
            [
              25.252476,
              54.767413
            ],
            [
              25.251476,
              54.770427
            ],
            [
              25.250895,
              54.767663
            ],
            [
              25.248476,
              54.767478
            ],
            [
              25.245766,
              54.769081
            ],
            [
              25.246476,
              54.771485
            ],
            [
              25.242476,
              54.772118
            ],
            [
              25.242327,
              54.766932
            ],
            [
              25.247065,
              54.766081
            ],
            [
              25.239296,
              54.762261
            ],
            [
              25.239476,
              54.760786
            ],
            [
              25.243133,
              54.761081
            ],
            [
              25.240033,
              54.757081
            ],
            [
              25.241476,
              54.755587
            ],
            [
              25.251719,
              54.753323
            ],
            [
              25.248476,
              54.751686
            ],
            [
              25.240476,
              54.750729
            ],
            [
              25.241864,
              54.754469
            ],
            [
              25.236476,
              54.753686
            ],
            [
              25.235476,
              54.754726
            ],
            [
              25.234723,
              54.752834
            ],
            [
              25.230476,
              54.751772
            ],
            [
              25.229955,
              54.75356
            ],
            [
              25.225476,
              54.755679
            ],
            [
              25.224696,
              54.752862
            ],
            [
              25.219476,
              54.751543
            ],
            [
              25.218115,
              54.753443
            ],
            [
              25.220856,
              54.754081
            ],
            [
              25.218861,
              54.756081
            ],
            [
              25.222914,
              54.760519
            ],
            [
              25.214216,
              54.758341
            ],
            [
              25.21716,
              54.757081
            ],
            [
              25.215476,
              54.754518
            ],
            [
              25.213664,
              54.756268
            ],
            [
              25.204664,
              54.758269
            ],
            [
              25.203334,
              54.760081
            ],
            [
              25.202476,
              54.757999
            ],
            [
              25.205926,
              54.754081
            ],
            [
              25.203864,
              54.752081
            ],
            [
              25.204964,
              54.749593
            ],
            [
              25.202476,
              54.751078
            ],
            [
              25.202214,
              54.749343
            ],
            [
              25.199576,
              54.748982
            ],
            [
              25.201349,
              54.747081
            ],
            [
              25.198567,
              54.74499
            ],
            [
              25.195476,
              54.745811
            ],
            [
              25.194776,
              54.743781
            ],
            [
              25.192109,
              54.743449
            ],
            [
              25.190826,
              54.737731
            ],
            [
              25.188984,
              54.742081
            ],
            [
              25.192476,
              54.74561
            ],
            [
              25.189476,
              54.746574
            ],
            [
              25.185476,
              54.741652
            ],
            [
              25.183476,
              54.746482
            ],
            [
              25.183957,
              54.743081
            ],
            [
              25.181476,
              54.74161
            ],
            [
              25.180722,
              54.744327
            ],
            [
              25.177476,
              54.743474
            ],
            [
              25.175812,
              54.746081
            ],
            [
              25.174455,
              54.746103
            ],
            [
              25.172476,
              54.745285
            ],
            [
              25.171476,
              54.747134
            ],
            [
              25.169476,
              54.745996
            ],
            [
              25.163476,
              54.747467
            ],
            [
              25.164434,
              54.743039
            ],
            [
              25.165476,
              54.744861
            ],
            [
              25.168109,
              54.743081
            ],
            [
              25.167202,
              54.738807
            ],
            [
              25.171972,
              54.737081
            ],
            [
              25.171476,
              54.734737
            ],
            [
              25.165045,
              54.736513
            ],
            [
              25.165033,
              54.734638
            ],
            [
              25.169712,
              54.733316
            ],
            [
              25.168689,
              54.731868
            ],
            [
              25.161101,
              54.732706
            ],
            [
              25.160476,
              54.737215
            ],
            [
              25.1565,
              54.737081
            ],
            [
              25.154476,
              54.734446
            ],
            [
              25.156461,
              54.737081
            ],
            [
              25.154404,
              54.738153
            ],
            [
              25.148157,
              54.732081
            ],
            [
              25.151795,
              54.729762
            ],
            [
              25.139492,
              54.727081
            ],
            [
              25.143841,
              54.726445
            ],
            [
              25.140476,
              54.724517
            ],
            [
              25.137006,
              54.725611
            ],
            [
              25.136841,
              54.726717
            ],
            [
              25.139372,
              54.727081
            ],
            [
              25.134476,
              54.728836
            ],
            [
              25.13347,
              54.728081
            ],
            [
              25.135261,
              54.727866
            ],
            [
              25.136184,
              54.725081
            ],
            [
              25.134927,
              54.723631
            ],
            [
              25.126755,
              54.723081
            ],
            [
              25.127476,
              54.717613
            ],
            [
              25.125476,
              54.719527
            ],
            [
              25.124476,
              54.71856
            ],
            [
              25.122053,
              54.719658
            ],
            [
              25.122738,
              54.722819
            ],
            [
              25.124404,
              54.723081
            ],
            [
              25.123476,
              54.724331
            ],
            [
              25.123323,
              54.723234
            ],
            [
              25.118947,
              54.724081
            ],
            [
              25.119409,
              54.723014
            ],
            [
              25.120196,
              54.722801
            ],
            [
              25.120875,
              54.718682
            ],
            [
              25.117476,
              54.720286
            ],
            [
              25.116476,
              54.718367
            ],
            [
              25.113476,
              54.719397
            ],
            [
              25.113165,
              54.717392
            ],
            [
              25.11052,
              54.717081
            ],
            [
              25.112476,
              54.715985
            ],
            [
              25.115155,
              54.716081
            ],
            [
              25.115476,
              54.717824
            ],
            [
              25.120476,
              54.715785
            ],
            [
              25.121476,
              54.716729
            ],
            [
              25.124297,
              54.711902
            ],
            [
              25.128803,
              54.711407
            ],
            [
              25.127476,
              54.708466
            ],
            [
              25.123718,
              54.709323
            ],
            [
              25.123537,
              54.710142
            ],
            [
              25.122476,
              54.710755
            ],
            [
              25.122252,
              54.710081
            ],
            [
              25.123303,
              54.709908
            ],
            [
              25.123401,
              54.709006
            ],
            [
              25.124168,
              54.708773
            ],
            [
              25.124177,
              54.70738
            ],
            [
              25.120756,
              54.707081
            ],
            [
              25.124127,
              54.706732
            ],
            [
              25.124145,
              54.705413
            ],
            [
              25.121397,
              54.705081
            ],
            [
              25.12409,
              54.703081
            ],
            [
              25.1291,
              54.702081
            ],
            [
              25.123428,
              54.698081
            ],
            [
              25.127236,
              54.697081
            ],
            [
              25.124476,
              54.694854
            ],
            [
              25.127476,
              54.693813
            ],
            [
              25.127968,
              54.696589
            ],
            [
              25.130476,
              54.697716
            ],
            [
              25.132324,
              54.694929
            ],
            [
              25.134466,
              54.69307
            ],
            [
              25.135076,
              54.693081
            ],
            [
              25.134509,
              54.693114
            ],
            [
              25.134521,
              54.694126
            ],
            [
              25.132963,
              54.695568
            ],
            [
              25.132862,
              54.698081
            ],
            [
              25.137476,
              54.701536
            ],
            [
              25.138476,
              54.697675
            ],
            [
              25.140476,
              54.69961
            ],
            [
              25.142842,
              54.699446
            ],
            [
              25.145885,
              54.69349
            ],
            [
              25.151476,
              54.695267
            ],
            [
              25.155591,
              54.694195
            ],
            [
              25.153476,
              54.690894
            ],
            [
              25.148476,
              54.69188
            ],
            [
              25.13888,
              54.690677
            ],
            [
              25.138914,
              54.687518
            ],
            [
              25.145671,
              54.686276
            ],
            [
              25.144476,
              54.683924
            ],
            [
              25.135302,
              54.682907
            ],
            [
              25.130476,
              54.683896
            ],
            [
              25.130598,
              54.681959
            ],
            [
              25.128476,
              54.68089
            ],
            [
              25.125878,
              54.681679
            ],
            [
              25.124476,
              54.678878
            ],
            [
              25.121908,
              54.680649
            ],
            [
              25.122476,
              54.67787
            ],
            [
              25.118943,
              54.679614
            ],
            [
              25.118476,
              54.676857
            ],
            [
              25.117476,
              54.677849
            ],
            [
              25.115476,
              54.676847
            ],
            [
              25.113476,
              54.67883
            ],
            [
              25.110476,
              54.677828
            ],
            [
              25.109476,
              54.679809
            ],
            [
              25.107295,
              54.6779
            ],
            [
              25.108476,
              54.686489
            ],
            [
              25.106476,
              54.682681
            ],
            [
              25.101476,
              54.683727
            ],
            [
              25.098476,
              54.686664
            ],
            [
              25.096476,
              54.683707
            ],
            [
              25.090895,
              54.683081
            ],
            [
              25.095476,
              54.68246
            ],
            [
              25.096122,
              54.680727
            ],
            [
              25.089184,
              54.681789
            ],
            [
              25.085641,
              54.686246
            ],
            [
              25.08613,
              54.682428
            ],
            [
              25.081476,
              54.681772
            ],
            [
              25.079476,
              54.6857
            ],
            [
              25.073221,
              54.683826
            ],
            [
              25.073476,
              54.685537
            ],
            [
              25.076804,
              54.685753
            ],
            [
              25.076794,
              54.687398
            ],
            [
              25.074476,
              54.686607
            ],
            [
              25.072168,
              54.687773
            ],
            [
              25.068726,
              54.693331
            ],
            [
              25.067035,
              54.69364
            ],
            [
              25.066463,
              54.697081
            ],
            [
              25.064476,
              54.697939
            ],
            [
              25.064431,
              54.697036
            ],
            [
              25.065273,
              54.696878
            ],
            [
              25.065008,
              54.694549
            ],
            [
              25.060196,
              54.694081
            ],
            [
              25.067884,
              54.692488
            ],
            [
              25.068476,
              54.685679
            ],
            [
              25.061476,
              54.68559
            ],
            [
              25.055476,
              54.688405
            ],
            [
              25.051476,
              54.687534
            ],
            [
              25.047476,
              54.690432
            ],
            [
              25.04484,
              54.690081
            ],
            [
              25.062072,
              54.679677
            ],
            [
              25.065927,
              54.679532
            ],
            [
              25.066285,
              54.678272
            ],
            [
              25.062951,
              54.678081
            ],
            [
              25.066476,
              54.67789
            ],
            [
              25.068933,
              54.675624
            ],
            [
              25.063129,
              54.674081
            ],
            [
              25.067476,
              54.673852
            ],
            [
              25.071872,
              54.675477
            ],
            [
              25.075998,
              54.669081
            ],
            [
              25.069476,
              54.662423
            ],
            [
              25.071476,
              54.663316
            ],
            [
              25.073476,
              54.665756
            ],
            [
              25.07697,
              54.665575
            ],
            [
              25.078476,
              54.662844
            ],
            [
              25.081335,
              54.664081
            ],
            [
              25.077929,
              54.665534
            ],
            [
              25.078476,
              54.666882
            ],
            [
              25.081033,
              54.666638
            ],
            [
              25.081476,
              54.664167
            ],
            [
              25.086212,
              54.666345
            ],
            [
              25.083476,
              54.675332
            ],
            [
              25.086022,
              54.674081
            ],
            [
              25.085962,
              54.671567
            ],
            [
              25.092623,
              54.668228
            ],
            [
              25.093476,
              54.664314
            ],
            [
              25.102476,
              54.665406
            ],
            [
              25.104291,
              54.667267
            ],
            [
              25.103732,
              54.665081
            ],
            [
              25.105917,
              54.663522
            ],
            [
              25.110675,
              54.664279
            ],
            [
              25.108476,
              54.661872
            ],
            [
              25.104917,
              54.66264
            ],
            [
              25.106476,
              54.659302
            ],
            [
              25.110042,
              54.659515
            ],
            [
              25.113348,
              54.664209
            ],
            [
              25.116301,
              54.665257
            ],
            [
              25.122731,
              54.663081
            ],
            [
              25.121476,
              54.659786
            ],
            [
              25.118018,
              54.659539
            ],
            [
              25.116812,
              54.657081
            ],
            [
              25.11872,
              54.655837
            ],
            [
              25.115476,
              54.654902
            ],
            [
              25.109476,
              54.658897
            ],
            [
              25.102774,
              54.658081
            ],
            [
              25.109476,
              54.656895
            ],
            [
              25.097476,
              54.656855
            ],
            [
              25.096476,
              54.658753
            ],
            [
              25.094476,
              54.656835
            ],
            [
              25.091476,
              54.65684
            ],
            [
              25.092476,
              54.660752
            ],
            [
              25.087476,
              54.657802
            ],
            [
              25.085476,
              54.662965
            ],
            [
              25.085476,
              54.656793
            ],
            [
              25.077476,
              54.656675
            ],
            [
              25.076016,
              54.658541
            ],
            [
              25.074476,
              54.649777
            ],
            [
              25.069476,
              54.653705
            ],
            [
              25.067476,
              54.651697
            ],
            [
              25.063476,
              54.651606
            ],
            [
              25.061732,
              54.655337
            ],
            [
              25.059476,
              54.655491
            ],
            [
              25.059476,
              54.653573
            ],
            [
              25.055476,
              54.654123
            ],
            [
              25.049476,
              54.652262
            ],
            [
              25.047354,
              54.653203
            ],
            [
              25.045476,
              54.648476
            ],
            [
              25.033532,
              54.648025
            ],
            [
              25.036567,
              54.64599
            ],
            [
              25.046476,
              54.645637
            ],
            [
              25.047476,
              54.644592
            ],
            [
              25.051476,
              54.645515
            ],
            [
              25.053476,
              54.64338
            ],
            [
              25.056476,
              54.644407
            ],
            [
              25.063476,
              54.642406
            ],
            [
              25.073476,
              54.643342
            ],
            [
              25.073995,
              54.6406
            ],
            [
              25.077681,
              54.639285
            ],
            [
              25.072035,
              54.636522
            ],
            [
              25.072736,
              54.632821
            ],
            [
              25.068476,
              54.632312
            ],
            [
              25.062052,
              54.632657
            ],
            [
              25.057735,
              54.636081
            ],
            [
              25.06034,
              54.637081
            ],
            [
              25.056413,
              54.639144
            ],
            [
              25.050473,
              54.634084
            ],
            [
              25.052086,
              54.632472
            ],
            [
              25.049294,
              54.632081
            ],
            [
              25.052476,
              54.621653
            ],
            [
              25.043073,
              54.622678
            ],
            [
              25.041476,
              54.628007
            ],
            [
              25.041185,
              54.624081
            ],
            [
              25.041892,
              54.622666
            ],
            [
              25.032124,
              54.623081
            ],
            [
              25.034476,
              54.621944
            ],
            [
              25.041887,
              54.621492
            ],
            [
              25.041958,
              54.616563
            ],
            [
              25.043476,
              54.615818
            ],
            [
              25.043531,
              54.617081
            ],
            [
              25.042693,
              54.618081
            ],
            [
              25.043476,
              54.621653
            ],
            [
              25.054476,
              54.620489
            ],
            [
              25.055091,
              54.618695
            ],
            [
              25.057017,
              54.619081
            ],
            [
              25.053058,
              54.616081
            ],
            [
              25.058057,
              54.612081
            ],
            [
              25.056305,
              54.609909
            ],
            [
              25.062476,
              54.61059
            ],
            [
              25.067135,
              54.607081
            ],
            [
              25.06106,
              54.606081
            ],
            [
              25.062476,
              54.604468
            ],
            [
              25.066476,
              54.605816
            ],
            [
              25.068477,
              54.60308
            ],
            [
              25.068762,
              54.605795
            ],
            [
              25.074938,
              54.604543
            ],
            [
              25.067476,
              54.600477
            ],
            [
              25.062476,
              54.601496
            ],
            [
              25.057336,
              54.600081
            ],
            [
              25.058476,
              54.599305
            ],
            [
              25.075476,
              54.600528
            ],
            [
              25.076756,
              54.599361
            ],
            [
              25.069058,
              54.589499
            ],
            [
              25.066,
              54.589081
            ],
            [
              25.067287,
              54.587081
            ],
            [
              25.073813,
              54.590081
            ],
            [
              25.072054,
              54.591503
            ],
            [
              25.078476,
              54.597497
            ],
            [
              25.080992,
              54.596081
            ],
            [
              25.077218,
              54.595339
            ],
            [
              25.077126,
              54.592731
            ],
            [
              25.081476,
              54.594612
            ],
            [
              25.08614,
              54.593081
            ],
            [
              25.080404,
              54.591153
            ],
            [
              25.080476,
              54.591031
            ],
            [
              25.083142,
              54.590747
            ],
            [
              25.084476,
              54.589029
            ],
            [
              25.085476,
              54.590819
            ],
            [
              25.088055,
              54.59066
            ],
            [
              25.089436,
              54.58904
            ],
            [
              25.090541,
              54.589016
            ],
            [
              25.0909,
              54.589081
            ],
            [
              25.089581,
              54.589185
            ],
            [
              25.090476,
              54.590816
            ],
            [
              25.093366,
              54.589081
            ],
            [
              25.08909,
              54.593467
            ],
            [
              25.095208,
              54.599349
            ],
            [
              25.107476,
              54.604366
            ],
            [
              25.113694,
              54.601299
            ],
            [
              25.114086,
              54.596691
            ],
            [
              25.117745,
              54.59635
            ],
            [
              25.117148,
              54.590753
            ],
            [
              25.119476,
              54.59253
            ],
            [
              25.121767,
              54.591372
            ],
            [
              25.121808,
              54.589749
            ],
            [
              25.118192,
              54.589366
            ],
            [
              25.118476,
              54.587693
            ],
            [
              25.122827,
              54.58873
            ],
            [
              25.123476,
              54.594933
            ],
            [
              25.137788,
              54.593393
            ],
            [
              25.135943,
              54.587614
            ],
            [
              25.131037,
              54.585081
            ],
            [
              25.133476,
              54.584998
            ],
            [
              25.136476,
              54.586785
            ],
            [
              25.143211,
              54.586081
            ],
            [
              25.141476,
              54.587185
            ],
            [
              25.137015,
              54.58762
            ],
            [
              25.139476,
              54.594508
            ],
            [
              25.143476,
              54.592594
            ],
            [
              25.147476,
              54.592631
            ],
            [
              25.150476,
              54.594573
            ],
            [
              25.149312,
              54.591081
            ],
            [
              25.153096,
              54.5897
            ],
            [
              25.152466,
              54.588071
            ],
            [
              25.15358,
              54.588081
            ],
            [
              25.156459,
              54.589081
            ],
            [
              25.156476,
              54.590238
            ],
            [
              25.158697,
              54.58886
            ],
            [
              25.163476,
              54.590277
            ],
            [
              25.163555,
              54.593081
            ],
            [
              25.159957,
              54.592562
            ],
            [
              25.161476,
              54.595339
            ],
            [
              25.159433,
              54.595125
            ],
            [
              25.158,
              54.593557
            ],
            [
              25.155476,
              54.593468
            ],
            [
              25.152132,
              54.595737
            ],
            [
              25.155858,
              54.597081
            ],
            [
              25.15318,
              54.601081
            ],
            [
              25.157476,
              54.600392
            ],
            [
              25.158476,
              54.602303
            ],
            [
              25.161476,
              54.601255
            ],
            [
              25.161332,
              54.604225
            ],
            [
              25.167476,
              54.605312
            ],
            [
              25.163878,
              54.603081
            ],
            [
              25.165738,
              54.598819
            ],
            [
              25.161911,
              54.599081
            ],
            [
              25.164476,
              54.596344
            ],
            [
              25.16673,
              54.597334
            ],
            [
              25.165894,
              54.595498
            ],
            [
              25.16974,
              54.594344
            ],
            [
              25.170026,
              54.591631
            ],
            [
              25.175476,
              54.593429
            ],
            [
              25.179739,
              54.592343
            ],
            [
              25.183476,
              54.588558
            ],
            [
              25.186476,
              54.593566
            ],
            [
              25.188476,
              54.592567
            ],
            [
              25.196476,
              54.593509
            ],
            [
              25.198737,
              54.592342
            ],
            [
              25.19807,
              54.590675
            ],
            [
              25.203943,
              54.589548
            ],
            [
              25.205476,
              54.586658
            ],
            [
              25.207968,
              54.587081
            ],
            [
              25.206476,
              54.584309
            ],
            [
              25.199351,
              54.586081
            ],
            [
              25.198686,
              54.584081
            ],
            [
              25.20245,
              54.581081
            ],
            [
              25.200476,
              54.578041
            ],
            [
              25.203476,
              54.577426
            ],
            [
              25.204282,
              54.580275
            ],
            [
              25.206476,
              54.580778
            ],
            [
              25.207332,
              54.577937
            ],
            [
              25.209626,
              54.577931
            ],
            [
              25.207881,
              54.581676
            ],
            [
              25.211476,
              54.582671
            ],
            [
              25.213796,
              54.580081
            ],
            [
              25.212009,
              54.586081
            ],
            [
              25.214476,
              54.588573
            ],
            [
              25.218868,
              54.587473
            ],
            [
              25.224516,
              54.582042
            ],
            [
              25.22451,
              54.583114
            ],
            [
              25.220068,
              54.58849
            ],
            [
              25.227485,
              54.586081
            ],
            [
              25.227741,
              54.587081
            ],
            [
              25.224885,
              54.588489
            ],
            [
              25.225156,
              54.591401
            ],
            [
              25.230476,
              54.591425
            ],
            [
              25.232857,
              54.590081
            ],
            [
              25.230057,
              54.586662
            ],
            [
              25.234476,
              54.589465
            ],
            [
              25.23593,
              54.588081
            ],
            [
              25.234226,
              54.583831
            ],
            [
              25.238476,
              54.586552
            ],
            [
              25.241817,
              54.586421
            ],
            [
              25.239063,
              54.582081
            ],
            [
              25.241527,
              54.58103
            ],
            [
              25.242476,
              54.583784
            ],
            [
              25.244923,
              54.583528
            ],
            [
              25.245476,
              54.581857
            ],
            [
              25.246284,
              54.582081
            ],
            [
              25.246794,
              54.584081
            ],
            [
              25.247476,
              54.58471
            ],
            [
              25.246667,
              54.583081
            ],
            [
              25.249476,
              54.582935
            ],
            [
              25.251476,
              54.584829
            ],
            [
              25.252476,
              54.583252
            ],
            [
              25.256684,
              54.585081
            ],
            [
              25.251476,
              54.588149
            ],
            [
              25.243126,
              54.586731
            ],
            [
              25.242117,
              54.58844
            ],
            [
              25.247476,
              54.589143
            ],
            [
              25.250219,
              54.593338
            ],
            [
              25.253647,
              54.592252
            ],
            [
              25.254476,
              54.590202
            ],
            [
              25.259476,
              54.591546
            ],
            [
              25.263476,
              54.590388
            ],
            [
              25.268909,
              54.592649
            ],
            [
              25.271476,
              54.598442
            ],
            [
              25.269476,
              54.584915
            ],
            [
              25.270994,
              54.587563
            ],
            [
              25.273476,
              54.587986
            ],
            [
              25.274851,
              54.589081
            ],
            [
              25.273429,
              54.589129
            ],
            [
              25.273276,
              54.588281
            ],
            [
              25.271027,
              54.588632
            ],
            [
              25.272169,
              54.593388
            ],
            [
              25.28771,
              54.594848
            ],
            [
              25.289476,
              54.606413
            ],
            [
              25.291476,
              54.602502
            ],
            [
              25.294476,
              54.603456
            ],
            [
              25.299476,
              54.600423
            ],
            [
              25.301158,
              54.601399
            ],
            [
              25.304476,
              54.60039
            ],
            [
              25.304775,
              54.599081
            ],
            [
              25.302031,
              54.598527
            ],
            [
              25.301476,
              54.596734
            ],
            [
              25.293099,
              54.594458
            ],
            [
              25.29537,
              54.593081
            ],
            [
              25.292877,
              54.588681
            ],
            [
              25.285476,
              54.588253
            ],
            [
              25.28233,
              54.587081
            ],
            [
              25.285476,
              54.586929
            ],
            [
              25.286476,
              54.587873
            ],
            [
              25.290476,
              54.587735
            ],
            [
              25.290182,
              54.585375
            ],
            [
              25.288212,
              54.584817
            ],
            [
              25.293476,
              54.582786
            ],
            [
              25.298218,
              54.582823
            ],
            [
              25.29941,
              54.580015
            ],
            [
              25.304476,
              54.580997
            ],
            [
              25.310476,
              54.579731
            ],
            [
              25.311476,
              54.57781
            ],
            [
              25.31492,
              54.577524
            ],
            [
              25.315476,
              54.5731
            ],
            [
              25.315792,
              54.574765
            ],
            [
              25.318706,
              54.575081
            ],
            [
              25.315855,
              54.575459
            ],
            [
              25.315087,
              54.57947
            ],
            [
              25.318476,
              54.581795
            ],
            [
              25.324543,
              54.582081
            ],
            [
              25.322476,
              54.584126
            ],
            [
              25.314476,
              54.581528
            ],
            [
              25.317145,
              54.585412
            ],
            [
              25.330476,
              54.589994
            ],
            [
              25.340476,
              54.590888
            ],
            [
              25.344879,
              54.589678
            ],
            [
              25.346476,
              54.590877
            ],
            [
              25.348777,
              54.589781
            ],
            [
              25.350217,
              54.592081
            ],
            [
              25.344693,
              54.594081
            ],
            [
              25.34672,
              54.594837
            ],
            [
              25.344823,
              54.597081
            ],
            [
              25.347476,
              54.599271
            ],
            [
              25.345476,
              54.599931
            ],
            [
              25.342476,
              54.598267
            ],
            [
              25.341476,
              54.599814
            ],
            [
              25.336476,
              54.600335
            ],
            [
              25.334476,
              54.597473
            ],
            [
              25.332109,
              54.598714
            ],
            [
              25.332476,
              54.600412
            ],
            [
              25.329476,
              54.598636
            ],
            [
              25.323257,
              54.601861
            ],
            [
              25.323476,
              54.603358
            ],
            [
              25.325476,
              54.602374
            ],
            [
              25.328939,
              54.603618
            ],
            [
              25.328476,
              54.606383
            ],
            [
              25.334476,
              54.605437
            ],
            [
              25.336912,
              54.606645
            ],
            [
              25.340476,
              54.612408
            ],
            [
              25.344476,
              54.608533
            ],
            [
              25.347853,
              54.609704
            ],
            [
              25.351476,
              54.616513
            ],
            [
              25.356476,
              54.61749
            ],
            [
              25.360476,
              54.616446
            ],
            [
              25.361476,
              54.613699
            ],
            [
              25.352476,
              54.615549
            ],
            [
              25.351987,
              54.614081
            ],
            [
              25.35677,
              54.613375
            ],
            [
              25.357476,
              54.608566
            ],
            [
              25.361771,
              54.609376
            ],
            [
              25.35419,
              54.606081
            ],
            [
              25.354352,
              54.604956
            ],
            [
              25.357161,
              54.605081
            ],
            [
              25.355399,
              54.604004
            ],
            [
              25.359932,
              54.604537
            ],
            [
              25.361588,
              54.601969
            ],
            [
              25.364081,
              54.605476
            ],
            [
              25.365476,
              54.604737
            ],
            [
              25.367476,
              54.60676
            ],
            [
              25.371564,
              54.604993
            ],
            [
              25.369476,
              54.607335
            ],
            [
              25.363114,
              54.606719
            ],
            [
              25.365912,
              54.607645
            ],
            [
              25.365915,
              54.609081
            ],
            [
              25.363476,
              54.6086
            ],
            [
              25.362069,
              54.611081
            ],
            [
              25.365476,
              54.613463
            ],
            [
              25.369476,
              54.61351
            ],
            [
              25.370476,
              54.611612
            ],
            [
              25.372861,
              54.612697
            ],
            [
              25.370047,
              54.615081
            ],
            [
              25.372476,
              54.617616
            ],
            [
              25.383837,
              54.618441
            ],
            [
              25.383969,
              54.615589
            ],
            [
              25.377276,
              54.614081
            ],
            [
              25.380162,
              54.613767
            ],
            [
              25.381476,
              54.610035
            ],
            [
              25.385712,
              54.610845
            ],
            [
              25.386887,
              54.612492
            ],
            [
              25.384359,
              54.606964
            ],
            [
              25.389212,
              54.608081
            ],
            [
              25.389025,
              54.610532
            ],
            [
              25.391476,
              54.611743
            ],
            [
              25.395476,
              54.609767
            ],
            [
              25.395826,
              54.611732
            ],
            [
              25.398882,
              54.612081
            ],
            [
              25.398449,
              54.614108
            ],
            [
              25.403476,
              54.612821
            ],
            [
              25.404476,
              54.609872
            ],
            [
              25.406476,
              54.611166
            ],
            [
              25.413476,
              54.609753
            ],
            [
              25.414798,
              54.615759
            ],
            [
              25.425822,
              54.615081
            ],
            [
              25.424476,
              54.617889
            ],
            [
              25.422476,
              54.616279
            ],
            [
              25.419032,
              54.617637
            ],
            [
              25.422598,
              54.620959
            ],
            [
              25.420476,
              54.624674
            ],
            [
              25.418954,
              54.621604
            ],
            [
              25.414476,
              54.619536
            ],
            [
              25.403476,
              54.622703
            ],
            [
              25.401237,
              54.624842
            ],
            [
              25.401476,
              54.626471
            ],
            [
              25.405023,
              54.627081
            ],
            [
              25.405476,
              54.625108
            ],
            [
              25.407476,
              54.626852
            ],
            [
              25.409403,
              54.622008
            ],
            [
              25.410822,
              54.623735
            ],
            [
              25.414387,
              54.624081
            ],
            [
              25.410893,
              54.624497
            ],
            [
              25.411476,
              54.626734
            ],
            [
              25.414476,
              54.627788
            ],
            [
              25.415476,
              54.626834
            ],
            [
              25.420738,
              54.627081
            ],
            [
              25.41596,
              54.627565
            ],
            [
              25.415476,
              54.632037
            ],
            [
              25.412374,
              54.630184
            ],
            [
              25.412476,
              54.628427
            ],
            [
              25.411476,
              54.631543
            ],
            [
              25.409875,
              54.628682
            ],
            [
              25.406476,
              54.628561
            ],
            [
              25.403756,
              54.633361
            ],
            [
              25.400143,
              54.632748
            ],
            [
              25.399476,
              54.634662
            ],
            [
              25.410217,
              54.636081
            ],
            [
              25.408613,
              54.637218
            ],
            [
              25.402024,
              54.635629
            ],
            [
              25.400967,
              54.63859
            ],
            [
              25.405268,
              54.639081
            ],
            [
              25.401841,
              54.639445
            ],
            [
              25.402476,
              54.641992
            ],
            [
              25.401124,
              54.640433
            ],
            [
              25.396496,
              54.640081
            ],
            [
              25.396842,
              54.634716
            ],
            [
              25.392281,
              54.634276
            ],
            [
              25.392476,
              54.632771
            ],
            [
              25.397813,
              54.633417
            ],
            [
              25.395966,
              54.632081
            ],
            [
              25.397761,
              54.630797
            ],
            [
              25.395476,
              54.629526
            ],
            [
              25.389265,
              54.62987
            ],
            [
              25.37223,
              54.637835
            ],
            [
              25.364476,
              54.638912
            ],
            [
              25.355476,
              54.642883
            ],
            [
              25.354275,
              54.642081
            ],
            [
              25.354476,
              54.643296
            ],
            [
              25.360476,
              54.642323
            ],
            [
              25.358234,
              54.645324
            ],
            [
              25.361734,
              54.645339
            ],
            [
              25.363808,
              54.644412
            ],
            [
              25.363476,
              54.640587
            ],
            [
              25.365119,
              54.643438
            ],
            [
              25.370476,
              54.645452
            ],
            [
              25.375127,
              54.650431
            ],
            [
              25.378476,
              54.651387
            ],
            [
              25.380681,
              54.651285
            ],
            [
              25.380476,
              54.648428
            ],
            [
              25.382476,
              54.650397
            ],
            [
              25.388476,
              54.648455
            ],
            [
              25.388243,
              54.652314
            ],
            [
              25.390476,
              54.653419
            ],
            [
              25.394476,
              54.652455
            ],
            [
              25.393476,
              54.646671
            ],
            [
              25.395476,
              54.648605
            ],
            [
              25.40173,
              54.647827
            ],
            [
              25.39613,
              54.649735
            ],
            [
              25.397476,
              54.652503
            ],
            [
              25.405476,
              54.651563
            ],
            [
              25.406189,
              54.653368
            ],
            [
              25.408476,
              54.653532
            ],
            [
              25.409973,
              54.652081
            ],
            [
              25.409476,
              54.654614
            ],
            [
              25.405202,
              54.654807
            ],
            [
              25.403996,
              54.659081
            ],
            [
              25.409476,
              54.665201
            ],
            [
              25.407367,
              54.666191
            ],
            [
              25.403796,
              54.660761
            ],
            [
              25.401476,
              54.660643
            ],
            [
              25.399476,
              54.665543
            ],
            [
              25.398476,
              54.660652
            ],
            [
              25.391085,
              54.66369
            ],
            [
              25.390565,
              54.669081
            ],
            [
              25.389476,
              54.669877
            ],
            [
              25.389435,
              54.669081
            ],
            [
              25.390306,
              54.668081
            ],
            [
              25.386176,
              54.667081
            ],
            [
              25.386476,
              54.670607
            ],
            [
              25.392476,
              54.670616
            ],
            [
              25.395476,
              54.668007
            ],
            [
              25.400476,
              54.670825
            ],
            [
              25.404476,
              54.671023
            ],
            [
              25.39969,
              54.672294
            ],
            [
              25.400568,
              54.677173
            ],
            [
              25.397476,
              54.678246
            ],
            [
              25.393858,
              54.677463
            ],
            [
              25.394763,
              54.680794
            ],
            [
              25.396476,
              54.67997
            ],
            [
              25.397593,
              54.681081
            ],
            [
              25.394547,
              54.684152
            ],
            [
              25.393476,
              54.683203
            ],
            [
              25.391476,
              54.684196
            ],
            [
              25.378476,
              54.68359
            ],
            [
              25.374476,
              54.685584
            ],
            [
              25.373773,
              54.683784
            ],
            [
              25.370476,
              54.682693
            ],
            [
              25.360476,
              54.684673
            ],
            [
              25.359476,
              54.681766
            ],
            [
              25.354137,
              54.682081
            ],
            [
              25.358952,
              54.683605
            ],
            [
              25.358476,
              54.686658
            ],
            [
              25.363476,
              54.68586
            ],
            [
              25.360037,
              54.686642
            ],
            [
              25.360476,
              54.688578
            ],
            [
              25.366476,
              54.6865
            ],
            [
              25.369235,
              54.690322
            ],
            [
              25.377476,
              54.692537
            ],
            [
              25.389476,
              54.690902
            ],
            [
              25.390476,
              54.691844
            ],
            [
              25.394233,
              54.690081
            ],
            [
              25.393518,
              54.691123
            ],
            [
              25.388476,
              54.693403
            ],
            [
              25.376476,
              54.693496
            ],
            [
              25.375476,
              54.692514
            ],
            [
              25.370221,
              54.694826
            ],
            [
              25.377476,
              54.697568
            ],
            [
              25.382476,
              54.694772
            ],
            [
              25.390476,
              54.69504
            ],
            [
              25.390476,
              54.696831
            ],
            [
              25.384476,
              54.697249
            ],
            [
              25.381476,
              54.699182
            ],
            [
              25.379859,
              54.699081
            ],
            [
              25.380476,
              54.697541
            ],
            [
              25.379476,
              54.699045
            ],
            [
              25.37319,
              54.697795
            ],
            [
              25.369958,
              54.701081
            ],
            [
              25.371791,
              54.702081
            ],
            [
              25.367079,
              54.704479
            ],
            [
              25.369476,
              54.705756
            ],
            [
              25.376764,
              54.705081
            ],
            [
              25.377101,
              54.706081
            ],
            [
              25.371704,
              54.709309
            ],
            [
              25.367476,
              54.708003
            ],
            [
              25.366263,
              54.709294
            ],
            [
              25.363328,
              54.706933
            ],
            [
              25.362476,
              54.709352
            ],
            [
              25.364489,
              54.709068
            ],
            [
              25.365716,
              54.711841
            ],
            [
              25.367959,
              54.712081
            ],
            [
              25.364476,
              54.714306
            ],
            [
              25.357876,
              54.715481
            ],
            [
              25.3577,
              54.717857
            ],
            [
              25.361476,
              54.71887
            ],
            [
              25.364516,
              54.718041
            ],
            [
              25.365476,
              54.71916
            ],
            [
              25.354476,
              54.719498
            ],
            [
              25.349825,
              54.723081
            ],
            [
              25.352142,
              54.728415
            ],
            [
              25.365543,
              54.732081
            ],
            [
              25.365911,
              54.733081
            ],
            [
              25.365435,
              54.733081
            ],
            [
              25.365093,
              54.732464
            ],
            [
              25.361476,
              54.732309
            ],
            [
              25.360476,
              54.731371
            ],
            [
              25.356476,
              54.731481
            ],
            [
              25.348476,
              54.728636
            ],
            [
              25.347032,
              54.729081
            ],
            [
              25.349965,
              54.732081
            ],
            [
              25.348476,
              54.733536
            ],
            [
              25.351831,
              54.733436
            ],
            [
              25.352918,
              54.730639
            ],
            [
              25.352792,
              54.735397
            ],
            [
              25.349476,
              54.734607
            ],
            [
              25.34822,
              54.736337
            ],
            [
              25.353476,
              54.73857
            ],
            [
              25.358476,
              54.737685
            ],
            [
              25.357476,
              54.739651
            ],
            [
              25.362476,
              54.740781
            ],
            [
              25.364476,
              54.739944
            ],
            [
              25.368847,
              54.742081
            ],
            [
              25.366476,
              54.742202
            ],
            [
              25.365476,
              54.741261
            ],
            [
              25.359476,
              54.741454
            ],
            [
              25.354476,
              54.739574
            ],
            [
              25.351182,
              54.740787
            ],
            [
              25.351182,
              54.742376
            ],
            [
              25.362476,
              54.751578
            ],
            [
              25.360389,
              54.751169
            ],
            [
              25.357929,
              54.748629
            ],
            [
              25.355365,
              54.748192
            ],
            [
              25.3545,
              54.746057
            ],
            [
              25.344476,
              54.739731
            ],
            [
              25.338476,
              54.741682
            ],
            [
              25.335476,
              54.739726
            ],
            [
              25.332191,
              54.739796
            ],
            [
              25.336662,
              54.743081
            ],
            [
              25.332107,
              54.743712
            ],
            [
              25.334923,
              54.745635
            ],
            [
              25.334476,
              54.74759
            ],
            [
              25.328027,
              54.746632
            ],
            [
              25.327476,
              54.74762
            ],
            [
              25.326476,
              54.745698
            ],
            [
              25.325865,
              54.74747
            ],
            [
              25.321476,
              54.748644
            ],
            [
              25.315476,
              54.745669
            ],
            [
              25.307476,
              54.745566
            ],
            [
              25.306211,
              54.747347
            ],
            [
              25.309476,
              54.748514
            ],
            [
              25.310476,
              54.747541
            ],
            [
              25.321476,
              54.75075
            ],
            [
              25.327476,
              54.75098
            ],
            [
              25.328871,
              54.752081
            ],
            [
              25.327476,
              54.752575
            ],
            [
              25.326321,
              54.751236
            ],
            [
              25.320476,
              54.752385
            ],
            [
              25.318476,
              54.750495
            ],
            [
              25.317476,
              54.751482
            ],
            [
              25.313476,
              54.749588
            ],
            [
              25.305476,
              54.748693
            ],
            [
              25.303476,
              54.749708
            ],
            [
              25.302476,
              54.74872
            ],
            [
              25.300866,
              54.751081
            ],
            [
              25.303905,
              54.756652
            ],
            [
              25.306501,
              54.757057
            ],
            [
              25.305476,
              54.75927
            ],
            [
              25.298476,
              54.753527
            ],
            [
              25.291476,
              54.75265
            ],
            [
              25.28919,
              54.753795
            ],
            [
              25.290547,
              54.762081
            ],
            [
              25.28205,
              54.766655
            ],
            [
              25.282513,
              54.771118
            ],
            [
              25.281343,
              54.770214
            ],
            [
              25.281476,
              54.763579
            ],
            [
              25.277184,
              54.764789
            ],
            [
              25.277808,
              54.769413
            ],
            [
              25.272181,
              54.768786
            ],
            [
              25.273476,
              54.772705
            ],
            [
              25.280384,
              54.772081
            ],
            [
              25.27598,
              54.773584
            ],
            [
              25.277204,
              54.776081
            ],
            [
              25.274476,
              54.779577
            ]
          ]
        ],
        "type": "Polygon"
      }
    },
    {
      "type": "Feature",
      "properties": {
        "zone_id": "betono-centras-vilnius-metalo",
        "company_id": "betono-centras-vilnius-metalo",
        "label": "Metalo g. 19B",
        "travel_mode": "automobiliu",
        "distance_km": 15,
        "color": "#2563eb",
        "source": "Valhalla / OpenStreetMap"
      },
      "geometry": {
        "coordinates": [
          [
            [
              25.26513,
              54.738473
            ],
            [
              25.264693,
              54.733332
            ],
            [
              25.268741,
              54.726332
            ],
            [
              25.266529,
              54.722332
            ],
            [
              25.269448,
              54.722332
            ],
            [
              25.266629,
              54.718332
            ],
            [
              25.269674,
              54.715332
            ],
            [
              25.268341,
              54.714121
            ],
            [
              25.26513,
              54.715039
            ],
            [
              25.256824,
              54.712027
            ],
            [
              25.260157,
              54.717332
            ],
            [
              25.25813,
              54.718518
            ],
            [
              25.25613,
              54.71681
            ],
            [
              25.25113,
              54.717544
            ],
            [
              25.250263,
              54.719332
            ],
            [
              25.255377,
              54.720085
            ],
            [
              25.25513,
              54.721733
            ],
            [
              25.25013,
              54.721906
            ],
            [
              25.24913,
              54.723981
            ],
            [
              25.244927,
              54.72313
            ],
            [
              25.242566,
              54.725332
            ],
            [
              25.241165,
              54.728332
            ],
            [
              25.24613,
              54.72912
            ],
            [
              25.247023,
              54.731226
            ],
            [
              25.234343,
              54.730546
            ],
            [
              25.235325,
              54.732528
            ],
            [
              25.23213,
              54.733708
            ],
            [
              25.232054,
              54.732408
            ],
            [
              25.22913,
              54.733213
            ],
            [
              25.22713,
              54.731565
            ],
            [
              25.22513,
              54.731965
            ],
            [
              25.22513,
              54.729581
            ],
            [
              25.22413,
              54.73133
            ],
            [
              25.220853,
              54.72961
            ],
            [
              25.21613,
              54.730528
            ],
            [
              25.213448,
              54.729332
            ],
            [
              25.21513,
              54.727666
            ],
            [
              25.217604,
              54.727807
            ],
            [
              25.219381,
              54.724332
            ],
            [
              25.21713,
              54.721815
            ],
            [
              25.21513,
              54.72386
            ],
            [
              25.211226,
              54.723236
            ],
            [
              25.210391,
              54.719332
            ],
            [
              25.213495,
              54.716332
            ],
            [
              25.21113,
              54.714974
            ],
            [
              25.208885,
              54.715088
            ],
            [
              25.208602,
              54.719332
            ],
            [
              25.212155,
              54.725332
            ],
            [
              25.20813,
              54.727357
            ],
            [
              25.20713,
              54.714805
            ],
            [
              25.206407,
              54.71761
            ],
            [
              25.203779,
              54.717684
            ],
            [
              25.20513,
              54.707973
            ],
            [
              25.199634,
              54.713332
            ],
            [
              25.20213,
              54.720332
            ],
            [
              25.19813,
              54.719548
            ],
            [
              25.19413,
              54.721306
            ],
            [
              25.192184,
              54.718278
            ],
            [
              25.18713,
              54.717672
            ],
            [
              25.187866,
              54.715596
            ],
            [
              25.18313,
              54.714498
            ],
            [
              25.18095,
              54.715513
            ],
            [
              25.17713,
              54.711962
            ],
            [
              25.171952,
              54.710332
            ],
            [
              25.17513,
              54.708585
            ],
            [
              25.175433,
              54.710029
            ],
            [
              25.181547,
              54.709749
            ],
            [
              25.18113,
              54.707525
            ],
            [
              25.179303,
              54.708505
            ],
            [
              25.177401,
              54.707332
            ],
            [
              25.17913,
              54.705816
            ],
            [
              25.181811,
              54.706014
            ],
            [
              25.18213,
              54.704414
            ],
            [
              25.18513,
              54.707451
            ],
            [
              25.187179,
              54.706381
            ],
            [
              25.18413,
              54.703243
            ],
            [
              25.181218,
              54.704244
            ],
            [
              25.18113,
              54.702064
            ],
            [
              25.179161,
              54.705301
            ],
            [
              25.173533,
              54.703929
            ],
            [
              25.17513,
              54.699025
            ],
            [
              25.17413,
              54.700014
            ],
            [
              25.17013,
              54.698967
            ],
            [
              25.169518,
              54.701721
            ],
            [
              25.16613,
              54.700863
            ],
            [
              25.16413,
              54.702778
            ],
            [
              25.15913,
              54.700873
            ],
            [
              25.15413,
              54.704703
            ],
            [
              25.153729,
              54.701733
            ],
            [
              25.148802,
              54.700332
            ],
            [
              25.150605,
              54.697857
            ],
            [
              25.14813,
              54.698454
            ],
            [
              25.148754,
              54.696708
            ],
            [
              25.146268,
              54.695332
            ],
            [
              25.14813,
              54.695151
            ],
            [
              25.14913,
              54.696127
            ],
            [
              25.15013,
              54.694309
            ],
            [
              25.15513,
              54.694961
            ],
            [
              25.16188,
              54.687082
            ],
            [
              25.163361,
              54.689101
            ],
            [
              25.171322,
              54.691524
            ],
            [
              25.170346,
              54.689116
            ],
            [
              25.167465,
              54.687997
            ],
            [
              25.169421,
              54.685332
            ],
            [
              25.168296,
              54.679166
            ],
            [
              25.16413,
              54.684022
            ],
            [
              25.16413,
              54.679062
            ],
            [
              25.16013,
              54.682026
            ],
            [
              25.156891,
              54.682093
            ],
            [
              25.155231,
              54.692434
            ],
            [
              25.153806,
              54.690656
            ],
            [
              25.151269,
              54.691332
            ],
            [
              25.15213,
              54.690259
            ],
            [
              25.154661,
              54.689864
            ],
            [
              25.15413,
              54.686721
            ],
            [
              25.14613,
              54.685704
            ],
            [
              25.14413,
              54.68288
            ],
            [
              25.14313,
              54.68386
            ],
            [
              25.137562,
              54.682765
            ],
            [
              25.13213,
              54.683558
            ],
            [
              25.127753,
              54.680332
            ],
            [
              25.12813,
              54.679303
            ],
            [
              25.14013,
              54.682846
            ],
            [
              25.14713,
              54.681748
            ],
            [
              25.14913,
              54.678741
            ],
            [
              25.15913,
              54.680641
            ],
            [
              25.161398,
              54.678064
            ],
            [
              25.15613,
              54.674088
            ],
            [
              25.151949,
              54.675152
            ],
            [
              25.15113,
              54.677027
            ],
            [
              25.14813,
              54.676049
            ],
            [
              25.14713,
              54.67704
            ],
            [
              25.14566,
              54.674863
            ],
            [
              25.14913,
              54.67461
            ],
            [
              25.15031,
              54.673152
            ],
            [
              25.140785,
              54.671677
            ],
            [
              25.143446,
              54.670332
            ],
            [
              25.140716,
              54.669332
            ],
            [
              25.14356,
              54.668332
            ],
            [
              25.143397,
              54.665065
            ],
            [
              25.13813,
              54.66392
            ],
            [
              25.141426,
              54.666036
            ],
            [
              25.13913,
              54.666826
            ],
            [
              25.134388,
              54.662074
            ],
            [
              25.13213,
              54.661923
            ],
            [
              25.12713,
              54.664809
            ],
            [
              25.12313,
              54.664708
            ],
            [
              25.11313,
              54.668086
            ],
            [
              25.133562,
              54.660765
            ],
            [
              25.133416,
              54.658047
            ],
            [
              25.129589,
              54.655332
            ],
            [
              25.132418,
              54.655621
            ],
            [
              25.138686,
              54.647332
            ],
            [
              25.134715,
              54.646918
            ],
            [
              25.13513,
              54.649564
            ],
            [
              25.131071,
              54.649391
            ],
            [
              25.133653,
              54.648856
            ],
            [
              25.13313,
              54.646692
            ],
            [
              25.127406,
              54.647608
            ],
            [
              25.12713,
              54.649011
            ],
            [
              25.124687,
              54.647332
            ],
            [
              25.12813,
              54.645287
            ],
            [
              25.12913,
              54.647112
            ],
            [
              25.133555,
              54.645758
            ],
            [
              25.134764,
              54.642698
            ],
            [
              25.131578,
              54.642332
            ],
            [
              25.134592,
              54.641795
            ],
            [
              25.134403,
              54.636059
            ],
            [
              25.133481,
              54.637684
            ],
            [
              25.12913,
              54.638879
            ],
            [
              25.12113,
              54.636619
            ],
            [
              25.126663,
              54.633332
            ],
            [
              25.124465,
              54.627997
            ],
            [
              25.122767,
              54.62697
            ],
            [
              25.11913,
              54.630543
            ],
            [
              25.118985,
              54.629188
            ],
            [
              25.120741,
              54.628332
            ],
            [
              25.11953,
              54.625932
            ],
            [
              25.110697,
              54.624765
            ],
            [
              25.110117,
              54.623332
            ],
            [
              25.11713,
              54.624997
            ],
            [
              25.1236,
              54.623802
            ],
            [
              25.126813,
              54.619332
            ],
            [
              25.12313,
              54.617674
            ],
            [
              25.12213,
              54.619543
            ],
            [
              25.121826,
              54.617332
            ],
            [
              25.12513,
              54.616935
            ],
            [
              25.128604,
              54.614332
            ],
            [
              25.12113,
              54.610955
            ],
            [
              25.13113,
              54.611795
            ],
            [
              25.13413,
              54.608907
            ],
            [
              25.13613,
              54.609937
            ],
            [
              25.137948,
              54.608151
            ],
            [
              25.14213,
              54.606293
            ],
            [
              25.143291,
              54.606332
            ],
            [
              25.142211,
              54.606414
            ],
            [
              25.142189,
              54.607391
            ],
            [
              25.138655,
              54.608857
            ],
            [
              25.13713,
              54.611673
            ],
            [
              25.133775,
              54.610978
            ],
            [
              25.132715,
              54.613747
            ],
            [
              25.13713,
              54.614703
            ],
            [
              25.141419,
              54.611622
            ],
            [
              25.141805,
              54.609008
            ],
            [
              25.14513,
              54.608846
            ],
            [
              25.14713,
              54.606938
            ],
            [
              25.15213,
              54.607113
            ],
            [
              25.15313,
              54.609803
            ],
            [
              25.15778,
              54.605983
            ],
            [
              25.158967,
              54.607495
            ],
            [
              25.16025,
              54.606453
            ],
            [
              25.16013,
              54.605148
            ],
            [
              25.154529,
              54.604933
            ],
            [
              25.15037,
              54.600332
            ],
            [
              25.15213,
              54.59957
            ],
            [
              25.15413,
              54.601555
            ],
            [
              25.158268,
              54.600471
            ],
            [
              25.16013,
              54.594892
            ],
            [
              25.15413,
              54.59363
            ],
            [
              25.15401,
              54.593332
            ],
            [
              25.154991,
              54.593194
            ],
            [
              25.156226,
              54.590332
            ],
            [
              25.154894,
              54.589332
            ],
            [
              25.159081,
              54.585284
            ],
            [
              25.161638,
              54.584841
            ],
            [
              25.16113,
              54.583521
            ],
            [
              25.157423,
              54.583332
            ],
            [
              25.16213,
              54.583109
            ],
            [
              25.164887,
              54.581332
            ],
            [
              25.16013,
              54.579599
            ],
            [
              25.15481,
              54.580332
            ],
            [
              25.16013,
              54.57878
            ],
            [
              25.164534,
              54.579737
            ],
            [
              25.164745,
              54.574332
            ],
            [
              25.168553,
              54.571332
            ],
            [
              25.15813,
              54.570761
            ],
            [
              25.156414,
              54.572332
            ],
            [
              25.158231,
              54.575434
            ],
            [
              25.15413,
              54.571657
            ],
            [
              25.14806,
              54.573402
            ],
            [
              25.15013,
              54.57218
            ],
            [
              25.15213,
              54.572077
            ],
            [
              25.15313,
              54.571048
            ],
            [
              25.15613,
              54.570952
            ],
            [
              25.15813,
              54.568952
            ],
            [
              25.16513,
              54.569789
            ],
            [
              25.164513,
              54.564332
            ],
            [
              25.16913,
              54.563893
            ],
            [
              25.169587,
              54.562332
            ],
            [
              25.16213,
              54.560724
            ],
            [
              25.15543,
              54.561332
            ],
            [
              25.152725,
              54.559332
            ],
            [
              25.154088,
              54.558291
            ],
            [
              25.15713,
              54.559098
            ],
            [
              25.15913,
              54.556347
            ],
            [
              25.159635,
              54.559827
            ],
            [
              25.16213,
              54.559941
            ],
            [
              25.164852,
              54.558332
            ],
            [
              25.16413,
              54.556158
            ],
            [
              25.17113,
              54.558878
            ],
            [
              25.17113,
              54.552063
            ],
            [
              25.17313,
              54.558922
            ],
            [
              25.17413,
              54.557974
            ],
            [
              25.176595,
              54.558798
            ],
            [
              25.178161,
              54.555332
            ],
            [
              25.178398,
              54.558332
            ],
            [
              25.177328,
              54.559531
            ],
            [
              25.171769,
              54.559972
            ],
            [
              25.176451,
              54.561011
            ],
            [
              25.173864,
              54.563598
            ],
            [
              25.18013,
              54.567646
            ],
            [
              25.18731,
              54.568513
            ],
            [
              25.1854,
              54.558062
            ],
            [
              25.181564,
              54.549898
            ],
            [
              25.177072,
              54.546332
            ],
            [
              25.179077,
              54.54528
            ],
            [
              25.186524,
              54.556938
            ],
            [
              25.187912,
              54.56255
            ],
            [
              25.194737,
              54.565332
            ],
            [
              25.193588,
              54.567791
            ],
            [
              25.188951,
              54.568511
            ],
            [
              25.20013,
              54.5696
            ],
            [
              25.200327,
              54.567135
            ],
            [
              25.197672,
              54.565875
            ],
            [
              25.21013,
              54.565605
            ],
            [
              25.213492,
              54.558332
            ],
            [
              25.208833,
              54.559035
            ],
            [
              25.20713,
              54.56182
            ],
            [
              25.20285,
              54.561612
            ],
            [
              25.207749,
              54.555332
            ],
            [
              25.205398,
              54.549332
            ],
            [
              25.20713,
              54.547582
            ],
            [
              25.208783,
              54.548985
            ],
            [
              25.207499,
              54.547332
            ],
            [
              25.210149,
              54.546313
            ],
            [
              25.21436,
              54.550102
            ],
            [
              25.21581,
              54.554652
            ],
            [
              25.21813,
              54.552833
            ],
            [
              25.22213,
              54.556826
            ],
            [
              25.223681,
              54.554332
            ],
            [
              25.218564,
              54.548332
            ],
            [
              25.220186,
              54.548277
            ],
            [
              25.22413,
              54.552935
            ],
            [
              25.226982,
              54.551332
            ],
            [
              25.226069,
              54.550332
            ],
            [
              25.226113,
              54.549316
            ],
            [
              25.226254,
              54.550208
            ],
            [
              25.227215,
              54.550247
            ],
            [
              25.229677,
              54.552785
            ],
            [
              25.230584,
              54.552787
            ],
            [
              25.23013,
              54.548961
            ],
            [
              25.231261,
              54.550332
            ],
            [
              25.231465,
              54.553332
            ],
            [
              25.232487,
              54.554332
            ],
            [
              25.231881,
              54.562581
            ],
            [
              25.244694,
              54.565332
            ],
            [
              25.239945,
              54.573517
            ],
            [
              25.242833,
              54.575629
            ],
            [
              25.247777,
              54.573685
            ],
            [
              25.25113,
              54.575707
            ],
            [
              25.259276,
              54.572479
            ],
            [
              25.26227,
              54.569472
            ],
            [
              25.261394,
              54.563332
            ],
            [
              25.259377,
              54.560085
            ],
            [
              25.25513,
              54.559385
            ],
            [
              25.25413,
              54.55658
            ],
            [
              25.25313,
              54.558173
            ],
            [
              25.25213,
              54.55758
            ],
            [
              25.250537,
              54.552925
            ],
            [
              25.242201,
              54.553404
            ],
            [
              25.24213,
              54.554395
            ],
            [
              25.242067,
              54.553395
            ],
            [
              25.248578,
              54.552781
            ],
            [
              25.247619,
              54.549843
            ],
            [
              25.245012,
              54.549332
            ],
            [
              25.246734,
              54.548936
            ],
            [
              25.245065,
              54.547332
            ],
            [
              25.24613,
              54.54596
            ],
            [
              25.246341,
              54.547121
            ],
            [
              25.24827,
              54.548193
            ],
            [
              25.249708,
              54.550754
            ],
            [
              25.254462,
              54.550665
            ],
            [
              25.25453,
              54.546932
            ],
            [
              25.25313,
              54.547672
            ],
            [
              25.251833,
              54.546332
            ],
            [
              25.25313,
              54.540654
            ],
            [
              25.253283,
              54.542179
            ],
            [
              25.25813,
              54.543014
            ],
            [
              25.256795,
              54.539332
            ],
            [
              25.258165,
              54.539297
            ],
            [
              25.258303,
              54.540159
            ],
            [
              25.259809,
              54.540012
            ],
            [
              25.26013,
              54.538289
            ],
            [
              25.262409,
              54.539332
            ],
            [
              25.259382,
              54.541332
            ],
            [
              25.26113,
              54.549793
            ],
            [
              25.26084,
              54.547043
            ],
            [
              25.265576,
              54.546779
            ],
            [
              25.26613,
              54.542559
            ],
            [
              25.26854,
              54.545923
            ],
            [
              25.272147,
              54.545316
            ],
            [
              25.270277,
              54.546332
            ],
            [
              25.272725,
              54.547332
            ],
            [
              25.270656,
              54.550332
            ],
            [
              25.27213,
              54.551933
            ],
            [
              25.281504,
              54.549707
            ],
            [
              25.277966,
              54.548496
            ],
            [
              25.276886,
              54.546577
            ],
            [
              25.274316,
              54.546332
            ],
            [
              25.27713,
              54.544931
            ],
            [
              25.27932,
              54.545332
            ],
            [
              25.27863,
              54.547832
            ],
            [
              25.28313,
              54.548918
            ],
            [
              25.28213,
              54.544174
            ],
            [
              25.283493,
              54.545969
            ],
            [
              25.28694,
              54.545332
            ],
            [
              25.2912,
              54.547262
            ],
            [
              25.291249,
              54.549452
            ],
            [
              25.28813,
              54.548588
            ],
            [
              25.286385,
              54.550332
            ],
            [
              25.288033,
              54.554332
            ],
            [
              25.28413,
              54.549723
            ],
            [
              25.280637,
              54.551332
            ],
            [
              25.28345,
              54.552012
            ],
            [
              25.284686,
              54.555332
            ],
            [
              25.282735,
              54.561727
            ],
            [
              25.286408,
              54.561611
            ],
            [
              25.284733,
              54.559936
            ],
            [
              25.28813,
              54.558626
            ],
            [
              25.287836,
              54.560626
            ],
            [
              25.29113,
              54.561814
            ],
            [
              25.29213,
              54.559873
            ],
            [
              25.301374,
              54.559332
            ],
            [
              25.293771,
              54.561974
            ],
            [
              25.298418,
              54.564621
            ],
            [
              25.29113,
              54.564875
            ],
            [
              25.289671,
              54.566332
            ],
            [
              25.297516,
              54.567332
            ],
            [
              25.29013,
              54.567856
            ],
            [
              25.2907,
              54.570762
            ],
            [
              25.299951,
              54.571332
            ],
            [
              25.288861,
              54.571064
            ],
            [
              25.289917,
              54.575545
            ],
            [
              25.29613,
              54.579604
            ],
            [
              25.29813,
              54.578615
            ],
            [
              25.30613,
              54.580789
            ],
            [
              25.310398,
              54.5796
            ],
            [
              25.31113,
              54.577756
            ],
            [
              25.314387,
              54.578589
            ],
            [
              25.315482,
              54.57298
            ],
            [
              25.30413,
              54.572408
            ],
            [
              25.302685,
              54.571332
            ],
            [
              25.304156,
              54.570306
            ],
            [
              25.30813,
              54.572068
            ],
            [
              25.312539,
              54.571742
            ],
            [
              25.311812,
              54.56865
            ],
            [
              25.308728,
              54.568332
            ],
            [
              25.31276,
              54.567962
            ],
            [
              25.312932,
              54.56653
            ],
            [
              25.311136,
              54.566332
            ],
            [
              25.31513,
              54.564515
            ],
            [
              25.315641,
              54.567821
            ],
            [
              25.318551,
              54.569912
            ],
            [
              25.32813,
              54.570717
            ],
            [
              25.328141,
              54.571344
            ],
            [
              25.327254,
              54.571457
            ],
            [
              25.32713,
              54.572823
            ],
            [
              25.326989,
              54.571473
            ],
            [
              25.32513,
              54.57152
            ],
            [
              25.322546,
              54.573332
            ],
            [
              25.324738,
              54.579724
            ],
            [
              25.328546,
              54.579749
            ],
            [
              25.32713,
              54.575976
            ],
            [
              25.33013,
              54.578046
            ],
            [
              25.333289,
              54.575332
            ],
            [
              25.330683,
              54.579779
            ],
            [
              25.33413,
              54.579179
            ],
            [
              25.337045,
              54.582332
            ],
            [
              25.33313,
              54.580576
            ],
            [
              25.32813,
              54.580736
            ],
            [
              25.32813,
              54.585636
            ],
            [
              25.32413,
              54.582831
            ],
            [
              25.32313,
              54.584822
            ],
            [
              25.31513,
              54.580958
            ],
            [
              25.31613,
              54.584658
            ],
            [
              25.32913,
              54.5897
            ],
            [
              25.338276,
              54.590186
            ],
            [
              25.345657,
              54.58786
            ],
            [
              25.34438,
              54.584332
            ],
            [
              25.34913,
              54.584051
            ],
            [
              25.35113,
              54.585972
            ],
            [
              25.35113,
              54.581847
            ],
            [
              25.35313,
              54.584599
            ],
            [
              25.357342,
              54.58312
            ],
            [
              25.356709,
              54.584912
            ],
            [
              25.354356,
              54.585332
            ],
            [
              25.357738,
              54.586332
            ],
            [
              25.350775,
              54.590687
            ],
            [
              25.35413,
              54.590939
            ],
            [
              25.35613,
              54.592972
            ],
            [
              25.362928,
              54.592332
            ],
            [
              25.359357,
              54.593332
            ],
            [
              25.360494,
              54.594968
            ],
            [
              25.363706,
              54.595332
            ],
            [
              25.35513,
              54.596482
            ],
            [
              25.35513,
              54.599654
            ],
            [
              25.345603,
              54.600332
            ],
            [
              25.35013,
              54.603728
            ],
            [
              25.353133,
              54.603329
            ],
            [
              25.35368,
              54.604782
            ],
            [
              25.35613,
              54.60376
            ],
            [
              25.35913,
              54.604728
            ],
            [
              25.359898,
              54.602101
            ],
            [
              25.36213,
              54.60176
            ],
            [
              25.36613,
              54.60573
            ],
            [
              25.37113,
              54.603834
            ],
            [
              25.373089,
              54.605332
            ],
            [
              25.37113,
              54.606872
            ],
            [
              25.36389,
              54.607093
            ],
            [
              25.367038,
              54.608332
            ],
            [
              25.362915,
              54.609118
            ],
            [
              25.36313,
              54.613596
            ],
            [
              25.36413,
              54.611619
            ],
            [
              25.366842,
              54.61362
            ],
            [
              25.37013,
              54.613642
            ],
            [
              25.37013,
              54.611684
            ],
            [
              25.37613,
              54.612869
            ],
            [
              25.37813,
              54.610906
            ],
            [
              25.38013,
              54.613798
            ],
            [
              25.3808,
              54.610002
            ],
            [
              25.385568,
              54.61077
            ],
            [
              25.38513,
              54.608855
            ],
            [
              25.37813,
              54.608682
            ],
            [
              25.37613,
              54.610845
            ],
            [
              25.37213,
              54.610896
            ],
            [
              25.373764,
              54.608698
            ],
            [
              25.36987,
              54.608332
            ],
            [
              25.374717,
              54.60792
            ],
            [
              25.373302,
              54.606332
            ],
            [
              25.376923,
              54.605332
            ],
            [
              25.37613,
              54.603521
            ],
            [
              25.373294,
              54.604332
            ],
            [
              25.374121,
              54.601324
            ],
            [
              25.37613,
              54.603143
            ],
            [
              25.380227,
              54.60143
            ],
            [
              25.38813,
              54.603153
            ],
            [
              25.39003,
              54.602332
            ],
            [
              25.391924,
              54.604332
            ],
            [
              25.390594,
              54.605869
            ],
            [
              25.392859,
              54.606062
            ],
            [
              25.39313,
              54.604385
            ],
            [
              25.39513,
              54.605303
            ],
            [
              25.391436,
              54.609639
            ],
            [
              25.388827,
              54.61003
            ],
            [
              25.39113,
              54.611733
            ],
            [
              25.394447,
              54.61065
            ],
            [
              25.39413,
              54.608507
            ],
            [
              25.396552,
              54.60891
            ],
            [
              25.39613,
              54.611794
            ],
            [
              25.399492,
              54.610695
            ],
            [
              25.398815,
              54.609018
            ],
            [
              25.40256,
              54.609762
            ],
            [
              25.40185,
              54.607612
            ],
            [
              25.399655,
              54.607332
            ],
            [
              25.40113,
              54.606303
            ],
            [
              25.40813,
              54.605268
            ],
            [
              25.407638,
              54.606824
            ],
            [
              25.41213,
              54.606952
            ],
            [
              25.41413,
              54.601541
            ],
            [
              25.414462,
              54.604
            ],
            [
              25.417473,
              54.604332
            ],
            [
              25.413607,
              54.60481
            ],
            [
              25.414731,
              54.607731
            ],
            [
              25.419678,
              54.607881
            ],
            [
              25.42113,
              54.605428
            ],
            [
              25.423872,
              54.608332
            ],
            [
              25.41913,
              54.608599
            ],
            [
              25.416766,
              54.611696
            ],
            [
              25.422426,
              54.610036
            ],
            [
              25.421658,
              54.611804
            ],
            [
              25.42313,
              54.610844
            ],
            [
              25.42513,
              54.611202
            ],
            [
              25.426146,
              54.612332
            ],
            [
              25.425086,
              54.612376
            ],
            [
              25.424874,
              54.611588
            ],
            [
              25.423498,
              54.611701
            ],
            [
              25.423758,
              54.614704
            ],
            [
              25.439959,
              54.612332
            ],
            [
              25.43713,
              54.613491
            ],
            [
              25.424805,
              54.616008
            ],
            [
              25.43313,
              54.616067
            ],
            [
              25.43426,
              54.617203
            ],
            [
              25.43413,
              54.618679
            ],
            [
              25.43013,
              54.616679
            ],
            [
              25.426521,
              54.619332
            ],
            [
              25.42913,
              54.622102
            ],
            [
              25.43113,
              54.621375
            ],
            [
              25.431179,
              54.622382
            ],
            [
              25.430334,
              54.622537
            ],
            [
              25.430465,
              54.623997
            ],
            [
              25.434694,
              54.624332
            ],
            [
              25.431496,
              54.624699
            ],
            [
              25.431375,
              54.627332
            ],
            [
              25.42813,
              54.625643
            ],
            [
              25.422586,
              54.627332
            ],
            [
              25.431223,
              54.629239
            ],
            [
              25.43013,
              54.630715
            ],
            [
              25.429903,
              54.629559
            ],
            [
              25.42413,
              54.629646
            ],
            [
              25.42313,
              54.631743
            ],
            [
              25.42113,
              54.627745
            ],
            [
              25.414847,
              54.62805
            ],
            [
              25.419692,
              54.63477
            ],
            [
              25.42413,
              54.634124
            ],
            [
              25.423305,
              54.635508
            ],
            [
              25.41913,
              54.635969
            ],
            [
              25.41713,
              54.63377
            ],
            [
              25.41513,
              54.634689
            ],
            [
              25.414511,
              54.632952
            ],
            [
              25.410887,
              54.632575
            ],
            [
              25.409381,
              54.629081
            ],
            [
              25.405903,
              54.629106
            ],
            [
              25.406754,
              54.633708
            ],
            [
              25.40913,
              54.635825
            ],
            [
              25.410441,
              54.635021
            ],
            [
              25.41172,
              54.637742
            ],
            [
              25.419947,
              54.638332
            ],
            [
              25.414632,
              54.638835
            ],
            [
              25.41613,
              54.64148
            ],
            [
              25.410713,
              54.638916
            ],
            [
              25.41113,
              54.64468
            ],
            [
              25.409534,
              54.638929
            ],
            [
              25.40413,
              54.639838
            ],
            [
              25.403778,
              54.641685
            ],
            [
              25.407438,
              54.644332
            ],
            [
              25.405672,
              54.645791
            ],
            [
              25.410707,
              54.647332
            ],
            [
              25.407749,
              54.647951
            ],
            [
              25.40713,
              54.650297
            ],
            [
              25.40213,
              54.648357
            ],
            [
              25.395902,
              54.650104
            ],
            [
              25.39713,
              54.652633
            ],
            [
              25.405073,
              54.650389
            ],
            [
              25.40713,
              54.653641
            ],
            [
              25.40913,
              54.651438
            ],
            [
              25.410936,
              54.653332
            ],
            [
              25.405931,
              54.655134
            ],
            [
              25.406586,
              54.657788
            ],
            [
              25.403804,
              54.659332
            ],
            [
              25.40613,
              54.661711
            ],
            [
              25.409397,
              54.661065
            ],
            [
              25.409614,
              54.663817
            ],
            [
              25.40813,
              54.661713
            ],
            [
              25.40773,
              54.664332
            ],
            [
              25.410463,
              54.663999
            ],
            [
              25.41013,
              54.665839
            ],
            [
              25.406748,
              54.666715
            ],
            [
              25.40413,
              54.661005
            ],
            [
              25.400927,
              54.66113
            ],
            [
              25.40013,
              54.665974
            ],
            [
              25.399354,
              54.664108
            ],
            [
              25.396707,
              54.663755
            ],
            [
              25.397461,
              54.662001
            ],
            [
              25.390742,
              54.664332
            ],
            [
              25.390877,
              54.670586
            ],
            [
              25.393372,
              54.670575
            ],
            [
              25.39513,
              54.668072
            ],
            [
              25.39613,
              54.66973
            ],
            [
              25.39913,
              54.668778
            ],
            [
              25.40013,
              54.670762
            ],
            [
              25.40113,
              54.669783
            ],
            [
              25.404384,
              54.671332
            ],
            [
              25.399661,
              54.672864
            ],
            [
              25.400317,
              54.677519
            ],
            [
              25.393675,
              54.677878
            ],
            [
              25.393914,
              54.680548
            ],
            [
              25.39613,
              54.680078
            ],
            [
              25.397386,
              54.681332
            ],
            [
              25.395289,
              54.683492
            ],
            [
              25.39113,
              54.684566
            ],
            [
              25.38813,
              54.682983
            ],
            [
              25.37713,
              54.684008
            ],
            [
              25.37413,
              54.685992
            ],
            [
              25.373337,
              54.684125
            ],
            [
              25.36813,
              54.682065
            ],
            [
              25.364846,
              54.684049
            ],
            [
              25.36113,
              54.684041
            ],
            [
              25.35713,
              54.6811
            ],
            [
              25.353962,
              54.682165
            ],
            [
              25.358682,
              54.68378
            ],
            [
              25.35813,
              54.685726
            ],
            [
              25.36313,
              54.685773
            ],
            [
              25.368608,
              54.687854
            ],
            [
              25.36913,
              54.690601
            ],
            [
              25.377826,
              54.692636
            ],
            [
              25.38013,
              54.69095
            ],
            [
              25.387683,
              54.691779
            ],
            [
              25.39213,
              54.689823
            ],
            [
              25.39613,
              54.689879
            ],
            [
              25.39513,
              54.687078
            ],
            [
              25.39613,
              54.688017
            ],
            [
              25.406784,
              54.687332
            ],
            [
              25.404133,
              54.688332
            ],
            [
              25.404566,
              54.689896
            ],
            [
              25.406208,
              54.690254
            ],
            [
              25.40713,
              54.692052
            ],
            [
              25.40613,
              54.691714
            ],
            [
              25.405822,
              54.69064
            ],
            [
              25.40113,
              54.689714
            ],
            [
              25.39713,
              54.695341
            ],
            [
              25.393241,
              54.692332
            ],
            [
              25.394934,
              54.692137
            ],
            [
              25.39413,
              54.690828
            ],
            [
              25.388593,
              54.693796
            ],
            [
              25.383876,
              54.694079
            ],
            [
              25.39056,
              54.694902
            ],
            [
              25.39113,
              54.697868
            ],
            [
              25.38413,
              54.697888
            ],
            [
              25.38013,
              54.700796
            ],
            [
              25.379539,
              54.698923
            ],
            [
              25.37513,
              54.698018
            ],
            [
              25.37192,
              54.699123
            ],
            [
              25.36985,
              54.701612
            ],
            [
              25.374359,
              54.702104
            ],
            [
              25.37513,
              54.70483
            ],
            [
              25.38313,
              54.704102
            ],
            [
              25.389381,
              54.706081
            ],
            [
              25.390985,
              54.707332
            ],
            [
              25.387438,
              54.70864
            ],
            [
              25.38513,
              54.712043
            ],
            [
              25.37913,
              54.709907
            ],
            [
              25.37813,
              54.71213
            ],
            [
              25.374683,
              54.711886
            ],
            [
              25.374389,
              54.713073
            ],
            [
              25.377333,
              54.713536
            ],
            [
              25.373048,
              54.714414
            ],
            [
              25.37213,
              54.713498
            ],
            [
              25.372399,
              54.715602
            ],
            [
              25.368718,
              54.715921
            ],
            [
              25.37013,
              54.718564
            ],
            [
              25.36213,
              54.715724
            ],
            [
              25.357744,
              54.715947
            ],
            [
              25.358655,
              54.717807
            ],
            [
              25.361228,
              54.718234
            ],
            [
              25.35813,
              54.718545
            ],
            [
              25.35313,
              54.715719
            ],
            [
              25.34413,
              54.716506
            ],
            [
              25.343648,
              54.714814
            ],
            [
              25.34113,
              54.715589
            ],
            [
              25.34013,
              54.713673
            ],
            [
              25.33413,
              54.714387
            ],
            [
              25.33213,
              54.71242
            ],
            [
              25.331098,
              54.713364
            ],
            [
              25.33113,
              54.712257
            ],
            [
              25.339535,
              54.711738
            ],
            [
              25.340629,
              54.710332
            ],
            [
              25.33813,
              54.708898
            ],
            [
              25.32913,
              54.709987
            ],
            [
              25.32713,
              54.709002
            ],
            [
              25.32293,
              54.710132
            ],
            [
              25.322833,
              54.711332
            ],
            [
              25.32813,
              54.71167
            ],
            [
              25.328571,
              54.712774
            ],
            [
              25.32313,
              54.713028
            ],
            [
              25.319822,
              54.715332
            ],
            [
              25.32413,
              54.716722
            ],
            [
              25.32813,
              54.715787
            ],
            [
              25.33721,
              54.717252
            ],
            [
              25.334553,
              54.719332
            ],
            [
              25.336541,
              54.720332
            ],
            [
              25.335579,
              54.722883
            ],
            [
              25.33813,
              54.722585
            ],
            [
              25.340228,
              54.724332
            ],
            [
              25.33213,
              54.724684
            ],
            [
              25.330521,
              54.726332
            ],
            [
              25.333603,
              54.730859
            ],
            [
              25.336701,
              54.731332
            ],
            [
              25.33636,
              54.733563
            ],
            [
              25.33113,
              54.731045
            ],
            [
              25.329135,
              54.732338
            ],
            [
              25.329064,
              54.731398
            ],
            [
              25.32213,
              54.731155
            ],
            [
              25.321146,
              54.734349
            ],
            [
              25.316747,
              54.735715
            ],
            [
              25.315026,
              54.731332
            ],
            [
              25.316736,
              54.730332
            ],
            [
              25.31413,
              54.728807
            ],
            [
              25.313182,
              54.733385
            ],
            [
              25.30913,
              54.734997
            ],
            [
              25.308816,
              54.734332
            ],
            [
              25.310877,
              54.732332
            ],
            [
              25.31013,
              54.7307
            ],
            [
              25.30513,
              54.733731
            ],
            [
              25.302417,
              54.732332
            ],
            [
              25.304057,
              54.73126
            ],
            [
              25.310727,
              54.729332
            ],
            [
              25.310505,
              54.726957
            ],
            [
              25.30613,
              54.723912
            ],
            [
              25.305403,
              54.728606
            ],
            [
              25.30313,
              54.726842
            ],
            [
              25.30113,
              54.728701
            ],
            [
              25.29513,
              54.727766
            ],
            [
              25.29113,
              54.731636
            ],
            [
              25.290907,
              54.731332
            ],
            [
              25.291879,
              54.730082
            ],
            [
              25.291709,
              54.728332
            ],
            [
              25.292515,
              54.727718
            ],
            [
              25.292697,
              54.725332
            ],
            [
              25.29013,
              54.722749
            ],
            [
              25.28913,
              54.726178
            ],
            [
              25.284935,
              54.725138
            ],
            [
              25.2849,
              54.729332
            ],
            [
              25.283076,
              54.729386
            ],
            [
              25.28152,
              54.728723
            ],
            [
              25.28113,
              54.730765
            ],
            [
              25.27813,
              54.727485
            ],
            [
              25.27613,
              54.730734
            ],
            [
              25.266701,
              54.731903
            ],
            [
              25.26513,
              54.738473
            ]
          ]
        ],
        "type": "Polygon"
      }
    },
    {
      "type": "Feature",
      "properties": {
        "zone_id": "betono-centras-vilnius-zariju",
        "company_id": "betono-centras-vilnius-zariju",
        "label": "Žarijų g. 6A",
        "travel_mode": "automobiliu",
        "distance_km": 15,
        "color": "#d97706",
        "source": "Valhalla / OpenStreetMap"
      },
      "geometry": {
        "coordinates": [
          [
            [
              25.212858,
              54.739494
            ],
            [
              25.208574,
              54.735721
            ],
            [
              25.206367,
              54.735947
            ],
            [
              25.205858,
              54.73776
            ],
            [
              25.204858,
              54.736154
            ],
            [
              25.201017,
              54.736438
            ],
            [
              25.20044,
              54.735438
            ],
            [
              25.204263,
              54.734843
            ],
            [
              25.205734,
              54.732438
            ],
            [
              25.203858,
              54.731099
            ],
            [
              25.195858,
              54.733501
            ],
            [
              25.191858,
              54.730989
            ],
            [
              25.188217,
              54.731438
            ],
            [
              25.189858,
              54.728682
            ],
            [
              25.186858,
              54.729968
            ],
            [
              25.186858,
              54.727744
            ],
            [
              25.18302,
              54.730438
            ],
            [
              25.175761,
              54.729438
            ],
            [
              25.178307,
              54.722438
            ],
            [
              25.180679,
              54.721438
            ],
            [
              25.172858,
              54.713008
            ],
            [
              25.166858,
              54.711954
            ],
            [
              25.166602,
              54.714182
            ],
            [
              25.163092,
              54.714672
            ],
            [
              25.162858,
              54.716332
            ],
            [
              25.158858,
              54.717726
            ],
            [
              25.155641,
              54.714438
            ],
            [
              25.156838,
              54.712457
            ],
            [
              25.151858,
              54.711596
            ],
            [
              25.150858,
              54.712706
            ],
            [
              25.149348,
              54.712438
            ],
            [
              25.150748,
              54.712328
            ],
            [
              25.150858,
              54.711155
            ],
            [
              25.153858,
              54.708293
            ],
            [
              25.156858,
              54.710093
            ],
            [
              25.158692,
              54.706272
            ],
            [
              25.166572,
              54.704438
            ],
            [
              25.158858,
              54.701164
            ],
            [
              25.153391,
              54.704904
            ],
            [
              25.153144,
              54.702151
            ],
            [
              25.149451,
              54.700844
            ],
            [
              25.148104,
              54.697191
            ],
            [
              25.144274,
              54.695438
            ],
            [
              25.149858,
              54.693834
            ],
            [
              25.151858,
              54.696787
            ],
            [
              25.155124,
              54.693171
            ],
            [
              25.152858,
              54.691058
            ],
            [
              25.147858,
              54.692003
            ],
            [
              25.139445,
              54.690438
            ],
            [
              25.139533,
              54.688113
            ],
            [
              25.145136,
              54.686716
            ],
            [
              25.144037,
              54.683258
            ],
            [
              25.139858,
              54.684145
            ],
            [
              25.129858,
              54.683073
            ],
            [
              25.124858,
              54.679003
            ],
            [
              25.122517,
              54.679778
            ],
            [
              25.120858,
              54.676933
            ],
            [
              25.119858,
              54.678845
            ],
            [
              25.118858,
              54.676893
            ],
            [
              25.116858,
              54.677825
            ],
            [
              25.110858,
              54.676668
            ],
            [
              25.109858,
              54.678511
            ],
            [
              25.106106,
              54.677438
            ],
            [
              25.109507,
              54.677087
            ],
            [
              25.108858,
              54.674765
            ],
            [
              25.114858,
              54.674144
            ],
            [
              25.115858,
              54.676045
            ],
            [
              25.116635,
              54.674215
            ],
            [
              25.119858,
              54.674041
            ],
            [
              25.130858,
              54.680795
            ],
            [
              25.140858,
              54.682723
            ],
            [
              25.146858,
              54.681694
            ],
            [
              25.148858,
              54.678691
            ],
            [
              25.158858,
              54.68065
            ],
            [
              25.160993,
              54.679573
            ],
            [
              25.163984,
              54.676564
            ],
            [
              25.164858,
              54.674629
            ],
            [
              25.167858,
              54.675618
            ],
            [
              25.170858,
              54.673627
            ],
            [
              25.169739,
              54.676556
            ],
            [
              25.173858,
              54.676606
            ],
            [
              25.174216,
              54.673796
            ],
            [
              25.177858,
              54.674607
            ],
            [
              25.189858,
              54.67133
            ],
            [
              25.178858,
              54.671331
            ],
            [
              25.173858,
              54.673327
            ],
            [
              25.170858,
              54.671331
            ],
            [
              25.164858,
              54.67133
            ],
            [
              25.161783,
              54.673363
            ],
            [
              25.163617,
              54.676197
            ],
            [
              25.160858,
              54.678318
            ],
            [
              25.157091,
              54.676204
            ],
            [
              25.156858,
              54.674321
            ],
            [
              25.151776,
              54.675356
            ],
            [
              25.152596,
              54.677176
            ],
            [
              25.146112,
              54.677183
            ],
            [
              25.145113,
              54.674693
            ],
            [
              25.150939,
              54.673519
            ],
            [
              25.148858,
              54.672312
            ],
            [
              25.141858,
              54.672305
            ],
            [
              25.140858,
              54.674291
            ],
            [
              25.133858,
              54.673301
            ],
            [
              25.135717,
              54.675438
            ],
            [
              25.132858,
              54.679292
            ],
            [
              25.130947,
              54.673349
            ],
            [
              25.130722,
              54.675438
            ],
            [
              25.13158,
              54.67716
            ],
            [
              25.129133,
              54.677162
            ],
            [
              25.126943,
              54.672352
            ],
            [
              25.123858,
              54.671313
            ],
            [
              25.123601,
              54.674181
            ],
            [
              25.122114,
              54.674181
            ],
            [
              25.120939,
              54.670357
            ],
            [
              25.118858,
              54.66932
            ],
            [
              25.117858,
              54.670556
            ],
            [
              25.120616,
              54.670679
            ],
            [
              25.119858,
              54.673316
            ],
            [
              25.117858,
              54.672319
            ],
            [
              25.112088,
              54.673207
            ],
            [
              25.110858,
              54.671325
            ],
            [
              25.104858,
              54.673319
            ],
            [
              25.103692,
              54.676272
            ],
            [
              25.080858,
              54.682281
            ],
            [
              25.080511,
              54.685091
            ],
            [
              25.075858,
              54.684264
            ],
            [
              25.074674,
              54.685254
            ],
            [
              25.077465,
              54.68583
            ],
            [
              25.077461,
              54.688041
            ],
            [
              25.074858,
              54.687247
            ],
            [
              25.071732,
              54.688312
            ],
            [
              25.066634,
              54.695438
            ],
            [
              25.067371,
              54.697951
            ],
            [
              25.064613,
              54.698438
            ],
            [
              25.071304,
              54.698991
            ],
            [
              25.074531,
              54.703438
            ],
            [
              25.07428,
              54.70686
            ],
            [
              25.067858,
              54.710044
            ],
            [
              25.060507,
              54.708438
            ],
            [
              25.056115,
              54.712438
            ],
            [
              25.056858,
              54.716178
            ],
            [
              25.054858,
              54.712749
            ],
            [
              25.049793,
              54.713502
            ],
            [
              25.052481,
              54.711438
            ],
            [
              25.050858,
              54.709903
            ],
            [
              25.045858,
              54.710832
            ],
            [
              25.045163,
              54.712132
            ],
            [
              25.047103,
              54.712438
            ],
            [
              25.043689,
              54.712606
            ],
            [
              25.042161,
              54.711741
            ],
            [
              25.041858,
              54.713342
            ],
            [
              25.039455,
              54.712438
            ],
            [
              25.03939,
              54.710438
            ],
            [
              25.043418,
              54.709998
            ],
            [
              25.041834,
              54.707414
            ],
            [
              25.042891,
              54.707404
            ],
            [
              25.045145,
              54.70915
            ],
            [
              25.048302,
              54.706438
            ],
            [
              25.04622,
              54.702075
            ],
            [
              25.040143,
              54.701438
            ],
            [
              25.043182,
              54.699438
            ],
            [
              25.041158,
              54.697438
            ],
            [
              25.042858,
              54.692184
            ],
            [
              25.037858,
              54.698104
            ],
            [
              25.033426,
              54.69787
            ],
            [
              25.031858,
              54.693132
            ],
            [
              25.01654,
              54.69812
            ],
            [
              25.014452,
              54.699843
            ],
            [
              25.018968,
              54.701327
            ],
            [
              25.019858,
              54.703065
            ],
            [
              25.015858,
              54.700747
            ],
            [
              25.012858,
              54.700838
            ],
            [
              25.003333,
              54.704438
            ],
            [
              25.017487,
              54.696067
            ],
            [
              25.022114,
              54.694694
            ],
            [
              25.021492,
              54.690072
            ],
            [
              25.027104,
              54.691684
            ],
            [
              25.025858,
              54.687962
            ],
            [
              25.011858,
              54.68873
            ],
            [
              25.009626,
              54.689206
            ],
            [
              25.00507,
              54.69465
            ],
            [
              24.995766,
              54.699529
            ],
            [
              24.997583,
              54.697163
            ],
            [
              25.007217,
              54.690438
            ],
            [
              25.008175,
              54.687438
            ],
            [
              25.005387,
              54.686908
            ],
            [
              25.004116,
              54.682438
            ],
            [
              25.004858,
              54.677217
            ],
            [
              24.996577,
              54.678438
            ],
            [
              24.996659,
              54.680636
            ],
            [
              25.000518,
              54.683438
            ],
            [
              24.997206,
              54.687438
            ],
            [
              24.998858,
              54.692449
            ],
            [
              24.997771,
              54.691524
            ],
            [
              24.996218,
              54.688077
            ],
            [
              24.987858,
              54.685981
            ],
            [
              24.986122,
              54.692702
            ],
            [
              24.98175,
              54.695545
            ],
            [
              24.985423,
              54.691438
            ],
            [
              24.982858,
              54.68209
            ],
            [
              24.980858,
              54.684052
            ],
            [
              24.979858,
              54.683059
            ],
            [
              24.97758,
              54.68416
            ],
            [
              24.976858,
              54.68695
            ],
            [
              24.974519,
              54.686776
            ],
            [
              24.973858,
              54.684982
            ],
            [
              24.969858,
              54.686847
            ],
            [
              24.967472,
              54.686052
            ],
            [
              24.966059,
              54.688438
            ],
            [
              24.967858,
              54.69053
            ],
            [
              24.966858,
              54.690517
            ],
            [
              24.965858,
              54.689607
            ],
            [
              24.963731,
              54.690438
            ],
            [
              24.963699,
              54.689438
            ],
            [
              24.96453,
              54.68811
            ],
            [
              24.963858,
              54.686783
            ],
            [
              24.958858,
              54.68869
            ],
            [
              24.956013,
              54.687438
            ],
            [
              24.966962,
              54.684542
            ],
            [
              24.965542,
              54.682122
            ],
            [
              24.967858,
              54.68116
            ],
            [
              24.969858,
              54.682954
            ],
            [
              24.972858,
              54.682907
            ],
            [
              24.976858,
              54.678944
            ],
            [
              24.980107,
              54.681687
            ],
            [
              24.97827,
              54.678438
            ],
            [
              24.982083,
              54.675663
            ],
            [
              24.981427,
              54.674007
            ],
            [
              24.992039,
              54.675619
            ],
            [
              24.986408,
              54.672887
            ],
            [
              24.986858,
              54.670772
            ],
            [
              24.992858,
              54.67372
            ],
            [
              24.996031,
              54.673611
            ],
            [
              24.991222,
              54.665438
            ],
            [
              24.997196,
              54.660438
            ],
            [
              24.994026,
              54.652269
            ],
            [
              24.990579,
              54.653438
            ],
            [
              24.99255,
              54.655438
            ],
            [
              24.99131,
              54.65789
            ],
            [
              24.988858,
              54.659097
            ],
            [
              24.986612,
              54.658192
            ],
            [
              24.987231,
              54.660811
            ],
            [
              24.983858,
              54.661975
            ],
            [
              24.983166,
              54.660129
            ],
            [
              24.975539,
              54.656757
            ],
            [
              24.975414,
              54.652994
            ],
            [
              24.97848,
              54.651438
            ],
            [
              24.978065,
              54.64823
            ],
            [
              24.974447,
              54.646027
            ],
            [
              24.979025,
              54.643605
            ],
            [
              24.978858,
              54.640711
            ],
            [
              24.980858,
              54.642681
            ],
            [
              24.996858,
              54.64163
            ],
            [
              25.001976,
              54.639556
            ],
            [
              25.003025,
              54.637438
            ],
            [
              24.99921,
              54.637085
            ],
            [
              24.994858,
              54.634248
            ],
            [
              24.981858,
              54.636185
            ],
            [
              24.980858,
              54.6332
            ],
            [
              24.976858,
              54.634174
            ],
            [
              24.976027,
              54.632268
            ],
            [
              24.971903,
              54.631438
            ],
            [
              24.978858,
              54.629679
            ],
            [
              24.991858,
              54.631637
            ],
            [
              24.993858,
              54.628185
            ],
            [
              24.975858,
              54.62808
            ],
            [
              24.972858,
              54.630147
            ],
            [
              24.968858,
              54.629648
            ],
            [
              24.968075,
              54.63122
            ],
            [
              24.969918,
              54.631438
            ],
            [
              24.967955,
              54.631535
            ],
            [
              24.965858,
              54.628765
            ],
            [
              24.961779,
              54.632516
            ],
            [
              24.960603,
              54.631438
            ],
            [
              24.962308,
              54.629988
            ],
            [
              24.957858,
              54.630775
            ],
            [
              24.957858,
              54.62792
            ],
            [
              24.956858,
              54.628876
            ],
            [
              24.950858,
              54.627761
            ],
            [
              24.947858,
              54.629599
            ],
            [
              24.943707,
              54.628287
            ],
            [
              24.949826,
              54.624406
            ],
            [
              24.952628,
              54.625208
            ],
            [
              24.952814,
              54.624394
            ],
            [
              24.953858,
              54.624
            ],
            [
              24.953881,
              54.624461
            ],
            [
              24.953021,
              54.624601
            ],
            [
              24.952966,
              54.625438
            ],
            [
              24.954858,
              54.627017
            ],
            [
              24.995858,
              54.624813
            ],
            [
              24.99304,
              54.621255
            ],
            [
              24.988394,
              54.619901
            ],
            [
              24.989858,
              54.618734
            ],
            [
              24.998858,
              54.623962
            ],
            [
              25.000858,
              54.6207
            ],
            [
              25.006009,
              54.618589
            ],
            [
              25.006082,
              54.616438
            ],
            [
              25.001858,
              54.618177
            ],
            [
              24.996145,
              54.617438
            ],
            [
              25.006858,
              54.614674
            ],
            [
              25.007858,
              54.612698
            ],
            [
              25.008698,
              54.614597
            ],
            [
              25.010858,
              54.61466
            ],
            [
              25.014994,
              54.611574
            ],
            [
              25.016087,
              54.607438
            ],
            [
              25.01313,
              54.602438
            ],
            [
              25.016037,
              54.601617
            ],
            [
              25.016229,
              54.599809
            ],
            [
              25.022858,
              54.599136
            ],
            [
              25.025277,
              54.597857
            ],
            [
              25.025624,
              54.595204
            ],
            [
              25.029858,
              54.596955
            ],
            [
              25.046172,
              54.591438
            ],
            [
              25.023112,
              54.592184
            ],
            [
              25.023858,
              54.590836
            ],
            [
              25.031858,
              54.589862
            ],
            [
              25.044858,
              54.589751
            ],
            [
              25.047052,
              54.588632
            ],
            [
              25.048107,
              54.584438
            ],
            [
              25.045858,
              54.582191
            ],
            [
              25.012858,
              54.584911
            ],
            [
              25.012858,
              54.587609
            ],
            [
              25.005858,
              54.584719
            ],
            [
              25.000809,
              54.584438
            ],
            [
              25.000858,
              54.583389
            ],
            [
              25.000964,
              54.584331
            ],
            [
              25.00535,
              54.58393
            ],
            [
              25.004858,
              54.580498
            ],
            [
              25.007858,
              54.585076
            ],
            [
              25.038139,
              54.581438
            ],
            [
              25.034858,
              54.578097
            ],
            [
              25.030858,
              54.581031
            ],
            [
              25.015641,
              54.582654
            ],
            [
              25.015632,
              54.581212
            ],
            [
              25.018858,
              54.580011
            ],
            [
              25.027858,
              54.579862
            ],
            [
              25.031858,
              54.576803
            ],
            [
              25.035194,
              54.576438
            ],
            [
              25.033858,
              54.574054
            ],
            [
              25.014693,
              54.575602
            ],
            [
              25.031121,
              54.572701
            ],
            [
              25.027858,
              54.570109
            ],
            [
              25.017858,
              54.572013
            ],
            [
              25.012599,
              54.571179
            ],
            [
              25.032858,
              54.567733
            ],
            [
              25.032407,
              54.563987
            ],
            [
              25.035152,
              54.563438
            ],
            [
              25.028858,
              54.560068
            ],
            [
              25.027858,
              54.563999
            ],
            [
              25.025127,
              54.560168
            ],
            [
              25.020858,
              54.559985
            ],
            [
              25.018271,
              54.561438
            ],
            [
              25.017858,
              54.567458
            ],
            [
              25.017444,
              54.561438
            ],
            [
              25.014858,
              54.55888
            ],
            [
              25.013858,
              54.565426
            ],
            [
              25.013253,
              54.559042
            ],
            [
              25.007858,
              54.557679
            ],
            [
              25.007429,
              54.556866
            ],
            [
              25.004858,
              54.55653
            ],
            [
              25.003614,
              54.555438
            ],
            [
              25.004888,
              54.555407
            ],
            [
              25.005047,
              54.556248
            ],
            [
              25.008858,
              54.556287
            ],
            [
              25.009858,
              54.557127
            ],
            [
              25.013858,
              54.557046
            ],
            [
              25.01433,
              54.555966
            ],
            [
              25.010807,
              54.554488
            ],
            [
              25.010858,
              54.553478
            ],
            [
              25.011008,
              54.554287
            ],
            [
              25.012858,
              54.554295
            ],
            [
              25.013858,
              54.555202
            ],
            [
              25.016858,
              54.552033
            ],
            [
              25.022858,
              54.553061
            ],
            [
              25.024226,
              54.551069
            ],
            [
              25.019858,
              54.547687
            ],
            [
              25.01797,
              54.54755
            ],
            [
              25.017858,
              54.548899
            ],
            [
              25.017686,
              54.545609
            ],
            [
              25.016118,
              54.545438
            ],
            [
              25.019858,
              54.544656
            ],
            [
              25.021396,
              54.547899
            ],
            [
              25.024858,
              54.549031
            ],
            [
              25.027441,
              54.543438
            ],
            [
              25.026466,
              54.549829
            ],
            [
              25.034939,
              54.548356
            ],
            [
              25.026337,
              54.551438
            ],
            [
              25.032858,
              54.557805
            ],
            [
              25.039157,
              54.556737
            ],
            [
              25.039451,
              54.552438
            ],
            [
              25.041298,
              54.551878
            ],
            [
              25.042858,
              54.547205
            ],
            [
              25.042998,
              54.549438
            ],
            [
              25.042188,
              54.552438
            ],
            [
              25.040301,
              54.553438
            ],
            [
              25.040554,
              54.556742
            ],
            [
              25.043858,
              54.557938
            ],
            [
              25.044858,
              54.555066
            ],
            [
              25.045858,
              54.557979
            ],
            [
              25.056858,
              54.557388
            ],
            [
              25.059023,
              54.558438
            ],
            [
              25.046492,
              54.560438
            ],
            [
              25.0493,
              54.561995
            ],
            [
              25.049683,
              54.565612
            ],
            [
              25.052538,
              54.565438
            ],
            [
              25.050626,
              54.568438
            ],
            [
              25.053729,
              54.575566
            ],
            [
              25.058858,
              54.578612
            ],
            [
              25.064057,
              54.577438
            ],
            [
              25.060296,
              54.574876
            ],
            [
              25.063858,
              54.57465
            ],
            [
              25.066858,
              54.576641
            ],
            [
              25.067324,
              54.572904
            ],
            [
              25.069858,
              54.571675
            ],
            [
              25.070858,
              54.572666
            ],
            [
              25.073021,
              54.570601
            ],
            [
              25.073038,
              54.569258
            ],
            [
              25.067858,
              54.567123
            ],
            [
              25.066858,
              54.568112
            ],
            [
              25.063208,
              54.567438
            ],
            [
              25.067188,
              54.565438
            ],
            [
              25.066531,
              54.553111
            ],
            [
              25.068858,
              54.553921
            ],
            [
              25.071227,
              54.552807
            ],
            [
              25.076858,
              54.546585
            ],
            [
              25.076988,
              54.548438
            ],
            [
              25.076128,
              54.550708
            ],
            [
              25.074438,
              54.551857
            ],
            [
              25.083167,
              54.551438
            ],
            [
              25.072858,
              54.552849
            ],
            [
              25.068541,
              54.555121
            ],
            [
              25.069858,
              54.560789
            ],
            [
              25.085858,
              54.559045
            ],
            [
              25.084858,
              54.55287
            ],
            [
              25.090858,
              54.564818
            ],
            [
              25.100858,
              54.562952
            ],
            [
              25.105669,
              54.559249
            ],
            [
              25.109636,
              54.558216
            ],
            [
              25.109816,
              54.557396
            ],
            [
              25.111011,
              54.557284
            ],
            [
              25.111313,
              54.557438
            ],
            [
              25.109986,
              54.557566
            ],
            [
              25.10993,
              54.55851
            ],
            [
              25.106392,
              54.559972
            ],
            [
              25.105104,
              54.561684
            ],
            [
              25.103469,
              54.562049
            ],
            [
              25.106194,
              54.565774
            ],
            [
              25.097858,
              54.563975
            ],
            [
              25.077668,
              54.568627
            ],
            [
              25.092858,
              54.575635
            ],
            [
              25.099858,
              54.57266
            ],
            [
              25.101008,
              54.573588
            ],
            [
              25.106858,
              54.56614
            ],
            [
              25.104617,
              54.572679
            ],
            [
              25.107357,
              54.572938
            ],
            [
              25.106613,
              54.574682
            ],
            [
              25.113858,
              54.575716
            ],
            [
              25.118357,
              54.573938
            ],
            [
              25.114651,
              54.582438
            ],
            [
              25.123858,
              54.583597
            ],
            [
              25.127033,
              54.579438
            ],
            [
              25.126227,
              54.576807
            ],
            [
              25.127858,
              54.577617
            ],
            [
              25.128981,
              54.576561
            ],
            [
              25.134858,
              54.566708
            ],
            [
              25.135845,
              54.569438
            ],
            [
              25.130858,
              54.577621
            ],
            [
              25.139998,
              54.575578
            ],
            [
              25.136388,
              54.569438
            ],
            [
              25.136883,
              54.569412
            ],
            [
              25.140049,
              54.572246
            ],
            [
              25.140438,
              54.573857
            ],
            [
              25.142858,
              54.574979
            ],
            [
              25.155858,
              54.570796
            ],
            [
              25.157858,
              54.568792
            ],
            [
              25.165053,
              54.569633
            ],
            [
              25.165083,
              54.566212
            ],
            [
              25.157858,
              54.561021
            ],
            [
              25.155858,
              54.561981
            ],
            [
              25.153858,
              54.56
            ],
            [
              25.138858,
              54.558637
            ],
            [
              25.134858,
              54.556583
            ],
            [
              25.134723,
              54.556438
            ],
            [
              25.136858,
              54.556327
            ],
            [
              25.140858,
              54.557151
            ],
            [
              25.141858,
              54.55811
            ],
            [
              25.145858,
              54.558021
            ],
            [
              25.146858,
              54.556066
            ],
            [
              25.149858,
              54.55893
            ],
            [
              25.150227,
              54.554069
            ],
            [
              25.152549,
              54.558746
            ],
            [
              25.154858,
              54.557878
            ],
            [
              25.156858,
              54.55884
            ],
            [
              25.158324,
              54.555972
            ],
            [
              25.15444,
              54.55502
            ],
            [
              25.154161,
              54.557741
            ],
            [
              25.153689,
              54.557438
            ],
            [
              25.153546,
              54.555438
            ],
            [
              25.152278,
              54.554017
            ],
            [
              25.149858,
              54.552673
            ],
            [
              25.146832,
              54.553463
            ],
            [
              25.149387,
              54.551967
            ],
            [
              25.149591,
              54.549704
            ],
            [
              25.148805,
              54.54949
            ],
            [
              25.148858,
              54.548149
            ],
            [
              25.149052,
              54.549243
            ],
            [
              25.14994,
              54.549355
            ],
            [
              25.151404,
              54.551892
            ],
            [
              25.153858,
              54.551156
            ],
            [
              25.155858,
              54.553969
            ],
            [
              25.155679,
              54.549259
            ],
            [
              25.160784,
              54.549364
            ],
            [
              25.162858,
              54.548061
            ],
            [
              25.161971,
              54.550551
            ],
            [
              25.158858,
              54.550734
            ],
            [
              25.157277,
              54.552438
            ],
            [
              25.158392,
              54.555904
            ],
            [
              25.162377,
              54.557438
            ],
            [
              25.15957,
              54.55815
            ],
            [
              25.160858,
              54.559799
            ],
            [
              25.164099,
              54.558679
            ],
            [
              25.163858,
              54.555851
            ],
            [
              25.17108,
              54.55866
            ],
            [
              25.170205,
              54.55209
            ],
            [
              25.164809,
              54.550438
            ],
            [
              25.166858,
              54.549192
            ],
            [
              25.177174,
              54.552121
            ],
            [
              25.171518,
              54.552098
            ],
            [
              25.172858,
              54.558779
            ],
            [
              25.177117,
              54.557697
            ],
            [
              25.178361,
              54.553438
            ],
            [
              25.178268,
              54.558848
            ],
            [
              25.172531,
              54.560438
            ],
            [
              25.176312,
              54.560984
            ],
            [
              25.174586,
              54.563438
            ],
            [
              25.177616,
              54.566679
            ],
            [
              25.185996,
              54.568576
            ],
            [
              25.186108,
              54.560438
            ],
            [
              25.180123,
              54.548172
            ],
            [
              25.168858,
              54.5437
            ],
            [
              25.165858,
              54.545742
            ],
            [
              25.163858,
              54.544804
            ],
            [
              25.163858,
              54.544081
            ],
            [
              25.164592,
              54.543438
            ],
            [
              25.175239,
              54.541819
            ],
            [
              25.174858,
              54.534613
            ],
            [
              25.178858,
              54.541023
            ],
            [
              25.189779,
              54.539438
            ],
            [
              25.180282,
              54.542438
            ],
            [
              25.189699,
              54.544438
            ],
            [
              25.183858,
              54.544707
            ],
            [
              25.178361,
              54.543438
            ],
            [
              25.18329,
              54.550005
            ],
            [
              25.187698,
              54.561597
            ],
            [
              25.194593,
              54.565438
            ],
            [
              25.190604,
              54.566438
            ],
            [
              25.193406,
              54.567986
            ],
            [
              25.189724,
              54.568572
            ],
            [
              25.193858,
              54.569651
            ],
            [
              25.195858,
              54.568661
            ],
            [
              25.199998,
              54.569578
            ],
            [
              25.198858,
              54.565662
            ],
            [
              25.209858,
              54.565641
            ],
            [
              25.211072,
              54.564438
            ],
            [
              25.212858,
              54.558176
            ],
            [
              25.208663,
              54.559243
            ],
            [
              25.206858,
              54.562118
            ],
            [
              25.202858,
              54.562096
            ],
            [
              25.202415,
              54.559995
            ],
            [
              25.20616,
              54.556438
            ],
            [
              25.201858,
              54.555003
            ],
            [
              25.198431,
              54.559438
            ],
            [
              25.198525,
              54.556105
            ],
            [
              25.202309,
              54.552438
            ],
            [
              25.199424,
              54.549438
            ],
            [
              25.201268,
              54.548027
            ],
            [
              25.198653,
              54.547642
            ],
            [
              25.198579,
              54.546438
            ],
            [
              25.201858,
              54.547057
            ],
            [
              25.202593,
              54.544173
            ],
            [
              25.206344,
              54.542924
            ],
            [
              25.207858,
              54.540417
            ],
            [
              25.207916,
              54.542379
            ],
            [
              25.210858,
              54.54226
            ],
            [
              25.213462,
              54.544833
            ],
            [
              25.216858,
              54.545934
            ],
            [
              25.219858,
              54.54501
            ],
            [
              25.224858,
              54.547919
            ],
            [
              25.226236,
              54.546059
            ],
            [
              25.221689,
              54.543269
            ],
            [
              25.223858,
              54.543128
            ],
            [
              25.227144,
              54.545152
            ],
            [
              25.232473,
              54.552438
            ],
            [
              25.232691,
              54.563604
            ],
            [
              25.24403,
              54.56461
            ],
            [
              25.245165,
              54.56013
            ],
            [
              25.243407,
              54.559888
            ],
            [
              25.241125,
              54.55417
            ],
            [
              25.238286,
              54.553438
            ],
            [
              25.239512,
              54.546438
            ],
            [
              25.237779,
              54.543438
            ],
            [
              25.237858,
              54.541918
            ],
            [
              25.238023,
              54.543272
            ],
            [
              25.238954,
              54.543341
            ],
            [
              25.240152,
              54.545438
            ],
            [
              25.239568,
              54.552727
            ],
            [
              25.251139,
              54.552438
            ],
            [
              25.248858,
              54.55395
            ],
            [
              25.243589,
              54.554169
            ],
            [
              25.247563,
              54.561438
            ],
            [
              25.23972,
              54.573575
            ],
            [
              25.244084,
              54.575664
            ],
            [
              25.247858,
              54.573685
            ],
            [
              25.250858,
              54.575694
            ],
            [
              25.259065,
              54.572645
            ],
            [
              25.258444,
              54.570024
            ],
            [
              25.261214,
              54.569438
            ],
            [
              25.260117,
              54.560178
            ],
            [
              25.261553,
              54.563742
            ],
            [
              25.264858,
              54.566223
            ],
            [
              25.265858,
              54.565364
            ],
            [
              25.267355,
              54.56794
            ],
            [
              25.272557,
              54.567438
            ],
            [
              25.272591,
              54.570438
            ],
            [
              25.26996,
              54.571438
            ],
            [
              25.273187,
              54.572108
            ],
            [
              25.272504,
              54.574791
            ],
            [
              25.275253,
              54.574833
            ],
            [
              25.275858,
              54.573105
            ],
            [
              25.277507,
              54.576789
            ],
            [
              25.286046,
              54.580249
            ],
            [
              25.279549,
              54.583129
            ],
            [
              25.280596,
              54.586699
            ],
            [
              25.289858,
              54.587956
            ],
            [
              25.290305,
              54.58599
            ],
            [
              25.287741,
              54.585554
            ],
            [
              25.286858,
              54.582781
            ],
            [
              25.288858,
              54.58382
            ],
            [
              25.289858,
              54.582037
            ],
            [
              25.294858,
              54.580976
            ],
            [
              25.295858,
              54.583083
            ],
            [
              25.299812,
              54.583438
            ],
            [
              25.29809,
              54.587438
            ],
            [
              25.300692,
              54.588438
            ],
            [
              25.293222,
              54.589438
            ],
            [
              25.296858,
              54.593621
            ],
            [
              25.295858,
              54.593625
            ],
            [
              25.295382,
              54.592913
            ],
            [
              25.293858,
              54.59285
            ],
            [
              25.292249,
              54.589046
            ],
            [
              25.287858,
              54.587952
            ],
            [
              25.279858,
              54.588044
            ],
            [
              25.278425,
              54.58987
            ],
            [
              25.282332,
              54.590912
            ],
            [
              25.270629,
              54.589209
            ],
            [
              25.271858,
              54.593885
            ],
            [
              25.287976,
              54.59432
            ],
            [
              25.272399,
              54.595438
            ],
            [
              25.272513,
              54.597782
            ],
            [
              25.276236,
              54.598438
            ],
            [
              25.273511,
              54.599091
            ],
            [
              25.274858,
              54.60089
            ],
            [
              25.284112,
              54.600183
            ],
            [
              25.279343,
              54.601438
            ],
            [
              25.279565,
              54.60373
            ],
            [
              25.283188,
              54.604107
            ],
            [
              25.281407,
              54.605438
            ],
            [
              25.282595,
              54.6077
            ],
            [
              25.287342,
              54.606438
            ],
            [
              25.284499,
              54.601079
            ],
            [
              25.287355,
              54.599935
            ],
            [
              25.287858,
              54.597015
            ],
            [
              25.288543,
              54.606752
            ],
            [
              25.288452,
              54.604032
            ],
            [
              25.290858,
              54.604983
            ],
            [
              25.291858,
              54.603113
            ],
            [
              25.299747,
              54.601327
            ],
            [
              25.301843,
              54.602438
            ],
            [
              25.294858,
              54.603771
            ],
            [
              25.294235,
              54.605438
            ],
            [
              25.301915,
              54.605495
            ],
            [
              25.295858,
              54.611751
            ],
            [
              25.294858,
              54.60976
            ],
            [
              25.288858,
              54.610113
            ],
            [
              25.288858,
              54.607966
            ],
            [
              25.281596,
              54.610176
            ],
            [
              25.282858,
              54.612962
            ],
            [
              25.28048,
              54.612815
            ],
            [
              25.279858,
              54.61007
            ],
            [
              25.275633,
              54.610213
            ],
            [
              25.278549,
              54.615746
            ],
            [
              25.283858,
              54.618024
            ],
            [
              25.287858,
              54.613839
            ],
            [
              25.289553,
              54.617438
            ],
            [
              25.287408,
              54.618887
            ],
            [
              25.29052,
              54.6191
            ],
            [
              25.290898,
              54.617438
            ],
            [
              25.29116,
              54.619135
            ],
            [
              25.291942,
              54.619353
            ],
            [
              25.292942,
              54.620438
            ],
            [
              25.292927,
              54.621368
            ],
            [
              25.293463,
              54.621438
            ],
            [
              25.292858,
              54.621705
            ],
            [
              25.292688,
              54.620607
            ],
            [
              25.288858,
              54.619708
            ],
            [
              25.286451,
              54.622438
            ],
            [
              25.287621,
              54.620438
            ],
            [
              25.285858,
              54.619785
            ],
            [
              25.281858,
              54.622709
            ],
            [
              25.278641,
              54.618654
            ],
            [
              25.272182,
              54.616762
            ],
            [
              25.271874,
              54.623454
            ],
            [
              25.269225,
              54.61907
            ],
            [
              25.263573,
              54.622153
            ],
            [
              25.263277,
              54.625018
            ],
            [
              25.264858,
              54.62612
            ],
            [
              25.268858,
              54.625231
            ],
            [
              25.269084,
              54.627438
            ],
            [
              25.267406,
              54.626986
            ],
            [
              25.266312,
              54.629438
            ],
            [
              25.268159,
              54.629136
            ],
            [
              25.268174,
              54.630754
            ],
            [
              25.263858,
              54.630964
            ],
            [
              25.261518,
              54.633438
            ],
            [
              25.262858,
              54.635682
            ],
            [
              25.266546,
              54.635749
            ],
            [
              25.266858,
              54.637684
            ],
            [
              25.273858,
              54.634438
            ],
            [
              25.275858,
              54.637305
            ],
            [
              25.283124,
              54.639438
            ],
            [
              25.282616,
              54.642438
            ],
            [
              25.280216,
              54.643438
            ],
            [
              25.284643,
              54.645438
            ],
            [
              25.280975,
              54.646555
            ],
            [
              25.284565,
              54.65473
            ],
            [
              25.289858,
              54.655887
            ],
            [
              25.287603,
              54.653183
            ],
            [
              25.288468,
              54.652048
            ],
            [
              25.290858,
              54.652985
            ],
            [
              25.292858,
              54.651117
            ],
            [
              25.293858,
              54.653982
            ],
            [
              25.294858,
              54.652103
            ],
            [
              25.297858,
              54.653269
            ],
            [
              25.302858,
              54.65083
            ],
            [
              25.303858,
              54.652572
            ],
            [
              25.307754,
              54.652438
            ],
            [
              25.302858,
              54.657415
            ],
            [
              25.302511,
              54.654784
            ],
            [
              25.300858,
              54.65466
            ],
            [
              25.291858,
              54.657359
            ],
            [
              25.278858,
              54.655691
            ],
            [
              25.272678,
              54.658258
            ],
            [
              25.274858,
              54.662861
            ],
            [
              25.280858,
              54.660991
            ],
            [
              25.286069,
              54.662226
            ],
            [
              25.29041,
              54.670885
            ],
            [
              25.291858,
              54.670085
            ],
            [
              25.292411,
              54.671884
            ],
            [
              25.296042,
              54.673253
            ],
            [
              25.295009,
              54.675589
            ],
            [
              25.291991,
              54.676571
            ],
            [
              25.291477,
              54.674818
            ],
            [
              25.288264,
              54.674844
            ],
            [
              25.288908,
              54.679438
            ],
            [
              25.286186,
              54.679766
            ],
            [
              25.285481,
              54.682814
            ],
            [
              25.286858,
              54.682304
            ],
            [
              25.288858,
              54.684293
            ],
            [
              25.292858,
              54.681415
            ],
            [
              25.295505,
              54.682438
            ],
            [
              25.292858,
              54.685758
            ],
            [
              25.286513,
              54.685093
            ],
            [
              25.289563,
              54.689438
            ],
            [
              25.286918,
              54.690377
            ],
            [
              25.286515,
              54.689095
            ],
            [
              25.28591,
              54.695438
            ],
            [
              25.277405,
              54.698985
            ],
            [
              25.278127,
              54.700707
            ],
            [
              25.275794,
              54.702438
            ],
            [
              25.279118,
              54.704438
            ],
            [
              25.274898,
              54.708478
            ],
            [
              25.271858,
              54.709638
            ],
            [
              25.269858,
              54.708185
            ],
            [
              25.269858,
              54.711047
            ],
            [
              25.264302,
              54.702993
            ],
            [
              25.258858,
              54.703891
            ],
            [
              25.253291,
              54.709438
            ],
            [
              25.256933,
              54.710513
            ],
            [
              25.249763,
              54.712343
            ],
            [
              25.246858,
              54.715662
            ],
            [
              25.2427,
              54.71728
            ],
            [
              25.241858,
              54.719893
            ],
            [
              25.238093,
              54.720438
            ],
            [
              25.241302,
              54.723438
            ],
            [
              25.236858,
              54.72531
            ],
            [
              25.235387,
              54.723967
            ],
            [
              25.237351,
              54.726438
            ],
            [
              25.234858,
              54.727934
            ],
            [
              25.23099,
              54.726438
            ],
            [
              25.23295,
              54.72453
            ],
            [
              25.231858,
              54.720839
            ],
            [
              25.230858,
              54.722176
            ],
            [
              25.227858,
              54.721033
            ],
            [
              25.225858,
              54.722054
            ],
            [
              25.22762,
              54.7242
            ],
            [
              25.222591,
              54.724171
            ],
            [
              25.226842,
              54.725438
            ],
            [
              25.226265,
              54.728438
            ],
            [
              25.228173,
              54.729438
            ],
            [
              25.226858,
              54.731656
            ],
            [
              25.224858,
              54.732142
            ],
            [
              25.224652,
              54.731438
            ],
            [
              25.225638,
              54.731218
            ],
            [
              25.225366,
              54.729929
            ],
            [
              25.220467,
              54.730047
            ],
            [
              25.223131,
              54.735711
            ],
            [
              25.218403,
              54.734892
            ],
            [
              25.217858,
              54.729983
            ],
            [
              25.215006,
              54.732586
            ],
            [
              25.211858,
              54.730679
            ],
            [
              25.209858,
              54.732201
            ],
            [
              25.209319,
              54.729899
            ],
            [
              25.212334,
              54.729914
            ],
            [
              25.212433,
              54.727013
            ],
            [
              25.214328,
              54.726908
            ],
            [
              25.215799,
              54.724438
            ],
            [
              25.212858,
              54.722918
            ],
            [
              25.212336,
              54.726916
            ],
            [
              25.208823,
              54.729403
            ],
            [
              25.208343,
              54.732438
            ],
            [
              25.209858,
              54.735103
            ],
            [
              25.217547,
              54.735438
            ],
            [
              25.212858,
              54.739494
            ]
          ]
        ],
        "type": "Polygon"
      }
    },
    {
      "type": "Feature",
      "properties": {
        "zone_id": "betono-centras-vilnius-15-30km",
        "company_id": "betono-centras-vilnius",
        "label": "Riovonių 15–30 km keliais",
        "travel_mode": "automobiliu",
        "distance_km": 15,
        "inner_distance_km": 15,
        "outer_distance_km": 30,
        "color": "#7c3aed",
        "source": "Valhalla / OpenStreetMap"
      },
      "geometry": {
        "type": "Polygon",
        "coordinates": [
          [
            [
              25.324476,
              54.908744
            ],
            [
              25.320864,
              54.902694
            ],
            [
              25.318476,
              54.903426
            ],
            [
              25.317242,
              54.902315
            ],
            [
              25.319065,
              54.901081
            ],
            [
              25.317786,
              54.898771
            ],
            [
              25.31514,
              54.899417
            ],
            [
              25.317476,
              54.895694
            ],
            [
              25.31213,
              54.896735
            ],
            [
              25.311581,
              54.899185
            ],
            [
              25.309047,
              54.900081
            ],
            [
              25.309011,
              54.899081
            ],
            [
              25.311148,
              54.898753
            ],
            [
              25.310865,
              54.896693
            ],
            [
              25.302476,
              54.894583
            ],
            [
              25.300476,
              54.898409
            ],
            [
              25.291476,
              54.896497
            ],
            [
              25.287574,
              54.900179
            ],
            [
              25.284407,
              54.901081
            ],
            [
              25.285476,
              54.9
            ],
            [
              25.287153,
              54.899758
            ],
            [
              25.289896,
              54.896501
            ],
            [
              25.288192,
              54.894797
            ],
            [
              25.292476,
              54.895639
            ],
            [
              25.297883,
              54.892081
            ],
            [
              25.284476,
              54.887491
            ],
            [
              25.282058,
              54.887663
            ],
            [
              25.282476,
              54.890339
            ],
            [
              25.279101,
              54.887706
            ],
            [
              25.275476,
              54.894243
            ],
            [
              25.271042,
              54.893647
            ],
            [
              25.271476,
              54.897522
            ],
            [
              25.270445,
              54.897112
            ],
            [
              25.270207,
              54.896351
            ],
            [
              25.266638,
              54.896081
            ],
            [
              25.269237,
              54.895842
            ],
            [
              25.268889,
              54.892668
            ],
            [
              25.26337,
              54.893188
            ],
            [
              25.263476,
              54.891867
            ],
            [
              25.270016,
              54.891081
            ],
            [
              25.264852,
              54.885706
            ],
            [
              25.262214,
              54.885819
            ],
            [
              25.260476,
              54.888557
            ],
            [
              25.259157,
              54.887762
            ],
            [
              25.25792,
              54.890081
            ],
            [
              25.260476,
              54.89335
            ],
            [
              25.25723,
              54.892327
            ],
            [
              25.256476,
              54.887654
            ],
            [
              25.249476,
              54.888714
            ],
            [
              25.249476,
              54.890698
            ],
            [
              25.244476,
              54.888761
            ],
            [
              25.245198,
              54.89536
            ],
            [
              25.248013,
              54.895081
            ],
            [
              25.245105,
              54.900452
            ],
            [
              25.250719,
              54.899081
            ],
            [
              25.243068,
              54.902672
            ],
            [
              25.241476,
              54.908271
            ],
            [
              25.240939,
              54.902618
            ],
            [
              25.236428,
              54.903081
            ],
            [
              25.237476,
              54.901944
            ],
            [
              25.242867,
              54.901472
            ],
            [
              25.242476,
              54.889761
            ],
            [
              25.234156,
              54.891761
            ],
            [
              25.234476,
              54.894169
            ],
            [
              25.231476,
              54.891366
            ],
            [
              25.230476,
              54.89239
            ],
            [
              25.226476,
              54.890508
            ],
            [
              25.222145,
              54.89075
            ],
            [
              25.222476,
              54.892549
            ],
            [
              25.219476,
              54.891607
            ],
            [
              25.216628,
              54.898232
            ],
            [
              25.214476,
              54.900373
            ],
            [
              25.213833,
              54.900081
            ],
            [
              25.214407,
              54.900012
            ],
            [
              25.21442,
              54.899024
            ],
            [
              25.215173,
              54.898777
            ],
            [
              25.214978,
              54.897579
            ],
            [
              25.210476,
              54.89909
            ],
            [
              25.209744,
              54.898081
            ],
            [
              25.214955,
              54.89656
            ],
            [
              25.215476,
              54.894475
            ],
            [
              25.208905,
              54.895509
            ],
            [
              25.207476,
              54.897136
            ],
            [
              25.204773,
              54.896081
            ],
            [
              25.21584,
              54.892445
            ],
            [
              25.216476,
              54.890566
            ],
            [
              25.212107,
              54.892081
            ],
            [
              25.215052,
              54.886657
            ],
            [
              25.219724,
              54.885833
            ],
            [
              25.219732,
              54.887337
            ],
            [
              25.216954,
              54.888081
            ],
            [
              25.219476,
              54.889533
            ],
            [
              25.225717,
              54.886322
            ],
            [
              25.225059,
              54.883664
            ],
            [
              25.227476,
              54.885424
            ],
            [
              25.230682,
              54.883287
            ],
            [
              25.229018,
              54.880623
            ],
            [
              25.232476,
              54.881373
            ],
            [
              25.234659,
              54.877899
            ],
            [
              25.231999,
              54.877558
            ],
            [
              25.231476,
              54.87381
            ],
            [
              25.229476,
              54.874791
            ],
            [
              25.224779,
              54.873081
            ],
            [
              25.229476,
              54.872363
            ],
            [
              25.226999,
              54.871558
            ],
            [
              25.227476,
              54.870365
            ],
            [
              25.230746,
              54.86935
            ],
            [
              25.233476,
              54.870335
            ],
            [
              25.233718,
              54.869081
            ],
            [
              25.231476,
              54.867824
            ],
            [
              25.226476,
              54.86879
            ],
            [
              25.219476,
              54.865757
            ],
            [
              25.217476,
              54.866741
            ],
            [
              25.207476,
              54.861622
            ],
            [
              25.204888,
              54.863081
            ],
            [
              25.20573,
              54.864334
            ],
            [
              25.202476,
              54.863526
            ],
            [
              25.200808,
              54.865081
            ],
            [
              25.204476,
              54.86763
            ],
            [
              25.200338,
              54.867219
            ],
            [
              25.199476,
              54.865414
            ],
            [
              25.197476,
              54.868917
            ],
            [
              25.194967,
              54.868081
            ],
            [
              25.197234,
              54.867839
            ],
            [
              25.198162,
              54.864081
            ],
            [
              25.193476,
              54.864081
            ],
            [
              25.192476,
              54.861304
            ],
            [
              25.202839,
              54.862444
            ],
            [
              25.203836,
              54.860721
            ],
            [
              25.200476,
              54.860433
            ],
            [
              25.198302,
              54.858255
            ],
            [
              25.200298,
              54.857081
            ],
            [
              25.198562,
              54.855081
            ],
            [
              25.200476,
              54.854947
            ],
            [
              25.202476,
              54.855826
            ],
            [
              25.206903,
              54.851508
            ],
            [
              25.209613,
              54.851218
            ],
            [
              25.211666,
              54.848081
            ],
            [
              25.207867,
              54.845472
            ],
            [
              25.213597,
              54.846202
            ],
            [
              25.21364,
              54.842081
            ],
            [
              25.205476,
              54.839886
            ],
            [
              25.202476,
              54.842877
            ],
            [
              25.202604,
              54.839953
            ],
            [
              25.200476,
              54.839897
            ],
            [
              25.195476,
              54.843892
            ],
            [
              25.194592,
              54.839965
            ],
            [
              25.189476,
              54.838919
            ],
            [
              25.182476,
              54.845894
            ],
            [
              25.180845,
              54.84345
            ],
            [
              25.182819,
              54.839424
            ],
            [
              25.186584,
              54.838189
            ],
            [
              25.186476,
              54.83593
            ],
            [
              25.183476,
              54.835934
            ],
            [
              25.181476,
              54.837934
            ],
            [
              25.173476,
              54.837885
            ],
            [
              25.172031,
              54.842636
            ],
            [
              25.170244,
              54.843081
            ],
            [
              25.173476,
              54.846349
            ],
            [
              25.176951,
              54.846606
            ],
            [
              25.181476,
              54.851417
            ],
            [
              25.190476,
              54.851503
            ],
            [
              25.192476,
              54.853559
            ],
            [
              25.195476,
              54.852359
            ],
            [
              25.194476,
              54.854569
            ],
            [
              25.191476,
              54.854621
            ],
            [
              25.189476,
              54.852673
            ],
            [
              25.177476,
              54.85176
            ],
            [
              25.174476,
              54.847806
            ],
            [
              25.175939,
              54.851544
            ],
            [
              25.170476,
              54.851774
            ],
            [
              25.16914,
              54.853081
            ],
            [
              25.176832,
              54.855437
            ],
            [
              25.16525,
              54.854307
            ],
            [
              25.163129,
              54.846733
            ],
            [
              25.168847,
              54.848711
            ],
            [
              25.167476,
              54.851417
            ],
            [
              25.171676,
              54.850281
            ],
            [
              25.172746,
              54.848081
            ],
            [
              25.167476,
              54.843868
            ],
            [
              25.159886,
              54.842671
            ],
            [
              25.159599,
              54.838958
            ],
            [
              25.155858,
              54.838699
            ],
            [
              25.15586,
              54.836465
            ],
            [
              25.158656,
              54.835081
            ],
            [
              25.156476,
              54.833923
            ],
            [
              25.155476,
              54.835916
            ],
            [
              25.15237,
              54.833975
            ],
            [
              25.14712,
              54.838724
            ],
            [
              25.144356,
              54.838961
            ],
            [
              25.140271,
              54.842081
            ],
            [
              25.146476,
              54.844311
            ],
            [
              25.156954,
              54.843603
            ],
            [
              25.157291,
              54.846266
            ],
            [
              25.161167,
              54.849081
            ],
            [
              25.159476,
              54.852748
            ],
            [
              25.153476,
              54.850759
            ],
            [
              25.151476,
              54.847797
            ],
            [
              25.146476,
              54.847811
            ],
            [
              25.144628,
              54.84493
            ],
            [
              25.138476,
              54.842881
            ],
            [
              25.136476,
              54.84487
            ],
            [
              25.130476,
              54.844851
            ],
            [
              25.130476,
              54.842313
            ],
            [
              25.135614,
              54.842944
            ],
            [
              25.132476,
              54.841864
            ],
            [
              25.126476,
              54.842835
            ],
            [
              25.126634,
              54.840923
            ],
            [
              25.123476,
              54.84083
            ],
            [
              25.118688,
              54.83787
            ],
            [
              25.110045,
              54.84665
            ],
            [
              25.089233,
              54.858838
            ],
            [
              25.077476,
              54.872343
            ],
            [
              25.075476,
              54.872279
            ],
            [
              25.088055,
              54.85766
            ],
            [
              25.108831,
              54.845436
            ],
            [
              25.123778,
              54.829383
            ],
            [
              25.129822,
              54.826427
            ],
            [
              25.132636,
              54.822081
            ],
            [
              25.122476,
              54.812891
            ],
            [
              25.114896,
              54.814661
            ],
            [
              25.115889,
              54.812494
            ],
            [
              25.120662,
              54.811081
            ],
            [
              25.116584,
              54.804973
            ],
            [
              25.111476,
              54.805911
            ],
            [
              25.110476,
              54.804914
            ],
            [
              25.108109,
              54.809713
            ],
            [
              25.105476,
              54.809894
            ],
            [
              25.103853,
              54.807458
            ],
            [
              25.10759,
              54.805967
            ],
            [
              25.104813,
              54.804744
            ],
            [
              25.10464,
              54.802917
            ],
            [
              25.101645,
              54.803913
            ],
            [
              25.100476,
              54.802912
            ],
            [
              25.100344,
              54.807214
            ],
            [
              25.104259,
              54.810081
            ],
            [
              25.104034,
              54.811638
            ],
            [
              25.102241,
              54.811081
            ],
            [
              25.103309,
              54.814248
            ],
            [
              25.105966,
              54.814591
            ],
            [
              25.106281,
              54.818276
            ],
            [
              25.109153,
              54.820081
            ],
            [
              25.10592,
              54.823524
            ],
            [
              25.098199,
              54.825803
            ],
            [
              25.099905,
              54.828652
            ],
            [
              25.102476,
              54.829018
            ],
            [
              25.103203,
              54.830081
            ],
            [
              25.102451,
              54.830107
            ],
            [
              25.102346,
              54.829211
            ],
            [
              25.099476,
              54.829305
            ],
            [
              25.097476,
              54.82743
            ],
            [
              25.097476,
              54.831907
            ],
            [
              25.095476,
              54.826494
            ],
            [
              25.088476,
              54.826616
            ],
            [
              25.081476,
              54.835421
            ],
            [
              25.082347,
              54.832952
            ],
            [
              25.085081,
              54.830081
            ],
            [
              25.084476,
              54.825673
            ],
            [
              25.080141,
              54.827746
            ],
            [
              25.079476,
              54.830482
            ],
            [
              25.076476,
              54.827536
            ],
            [
              25.073476,
              54.830297
            ],
            [
              25.071476,
              54.828453
            ],
            [
              25.068476,
              54.831499
            ],
            [
              25.064476,
              54.82761
            ],
            [
              25.062476,
              54.828541
            ],
            [
              25.058203,
              54.827355
            ],
            [
              25.057939,
              54.823618
            ],
            [
              25.054476,
              54.821503
            ],
            [
              25.052046,
              54.82165
            ],
            [
              25.050355,
              54.825081
            ],
            [
              25.048625,
              54.825081
            ],
            [
              25.047476,
              54.824219
            ],
            [
              25.045476,
              54.824681
            ],
            [
              25.045476,
              54.824063
            ],
            [
              25.049957,
              54.822562
            ],
            [
              25.051243,
              54.820848
            ],
            [
              25.055846,
              54.819451
            ],
            [
              25.053132,
              54.817081
            ],
            [
              25.055476,
              54.81485
            ],
            [
              25.055068,
              54.81749
            ],
            [
              25.062476,
              54.819524
            ],
            [
              25.060072,
              54.817081
            ],
            [
              25.062476,
              54.81664
            ],
            [
              25.064759,
              54.819364
            ],
            [
              25.069058,
              54.815081
            ],
            [
              25.064476,
              54.812866
            ],
            [
              25.069854,
              54.814081
            ],
            [
              25.06979,
              54.817394
            ],
            [
              25.066205,
              54.820352
            ],
            [
              25.071476,
              54.819451
            ],
            [
              25.072476,
              54.821422
            ],
            [
              25.075476,
              54.820398
            ],
            [
              25.079972,
              54.811577
            ],
            [
              25.082632,
              54.811237
            ],
            [
              25.079645,
              54.803912
            ],
            [
              25.067476,
              54.802777
            ],
            [
              25.064248,
              54.804853
            ],
            [
              25.062873,
              54.808478
            ],
            [
              25.059992,
              54.809081
            ],
            [
              25.062771,
              54.811376
            ],
            [
              25.060476,
              54.811547
            ],
            [
              25.058476,
              54.809632
            ],
            [
              25.058476,
              54.813442
            ],
            [
              25.055476,
              54.81349
            ],
            [
              25.054476,
              54.811529
            ],
            [
              25.052476,
              54.813435
            ],
            [
              25.051169,
              54.812389
            ],
            [
              25.058476,
              54.807524
            ],
            [
              25.061741,
              54.807346
            ],
            [
              25.063806,
              54.803081
            ],
            [
              25.059087,
              54.80047
            ],
            [
              25.061069,
              54.797674
            ],
            [
              25.062881,
              54.797676
            ],
            [
              25.064476,
              54.800417
            ],
            [
              25.066476,
              54.798431
            ],
            [
              25.067476,
              54.80039
            ],
            [
              25.070476,
              54.799375
            ],
            [
              25.071667,
              54.800271
            ],
            [
              25.072823,
              54.797081
            ],
            [
              25.068706,
              54.793081
            ],
            [
              25.07162,
              54.791225
            ],
            [
              25.071884,
              54.788489
            ],
            [
              25.074658,
              54.788081
            ],
            [
              25.070476,
              54.787901
            ],
            [
              25.069476,
              54.788897
            ],
            [
              25.068476,
              54.786897
            ],
            [
              25.066476,
              54.787889
            ],
            [
              25.065855,
              54.78546
            ],
            [
              25.068476,
              54.784904
            ],
            [
              25.065476,
              54.784903
            ],
            [
              25.051329,
              54.788934
            ],
            [
              25.051969,
              54.794574
            ],
            [
              25.048476,
              54.792835
            ],
            [
              25.047963,
              54.795568
            ],
            [
              25.045287,
              54.795892
            ],
            [
              25.042151,
              54.799081
            ],
            [
              25.048056,
              54.803081
            ],
            [
              25.045697,
              54.807302
            ],
            [
              25.045745,
              54.802812
            ],
            [
              25.039476,
              54.799749
            ],
            [
              25.03187,
              54.800081
            ],
            [
              25.033476,
              54.798462
            ],
            [
              25.039476,
              54.798413
            ],
            [
              25.043999,
              54.794604
            ],
            [
              25.046655,
              54.79426
            ],
            [
              25.048476,
              54.789852
            ],
            [
              25.037476,
              54.791808
            ],
            [
              25.037476,
              54.793787
            ],
            [
              25.035476,
              54.792797
            ],
            [
              25.03125,
              54.793854
            ],
            [
              25.031854,
              54.797459
            ],
            [
              25.028211,
              54.797816
            ],
            [
              25.028006,
              54.801081
            ],
            [
              25.023052,
              54.802657
            ],
            [
              25.021476,
              54.805253
            ],
            [
              25.019219,
              54.803081
            ],
            [
              25.022081,
              54.802081
            ],
            [
              25.019217,
              54.80134
            ],
            [
              25.018476,
              54.798621
            ],
            [
              25.016148,
              54.798753
            ],
            [
              25.015476,
              54.801452
            ],
            [
              25.011059,
              54.800664
            ],
            [
              25.011476,
              54.804189
            ],
            [
              25.008476,
              54.801411
            ],
            [
              25.004476,
              54.803188
            ],
            [
              25.002476,
              54.803296
            ],
            [
              25.002476,
              54.80307
            ],
            [
              25.004252,
              54.802857
            ],
            [
              25.004365,
              54.80197
            ],
            [
              25.006222,
              54.801081
            ],
            [
              25.004476,
              54.798512
            ],
            [
              25.008476,
              54.800751
            ],
            [
              25.011077,
              54.798081
            ],
            [
              25.004476,
              54.796188
            ],
            [
              25.002744,
              54.795081
            ],
            [
              25.004476,
              54.794996
            ],
            [
              25.005476,
              54.795915
            ],
            [
              25.010476,
              54.795028
            ],
            [
              25.012089,
              54.798468
            ],
            [
              25.014476,
              54.798596
            ],
            [
              25.01892,
              54.795638
            ],
            [
              25.015169,
              54.795388
            ],
            [
              25.014084,
              54.790689
            ],
            [
              25.019033,
              54.795524
            ],
            [
              25.022476,
              54.795474
            ],
            [
              25.025827,
              54.794081
            ],
            [
              25.023015,
              54.788619
            ],
            [
              25.024845,
              54.788713
            ],
            [
              25.025222,
              54.792335
            ],
            [
              25.028476,
              54.793413
            ],
            [
              25.033689,
              54.785868
            ],
            [
              25.028476,
              54.785753
            ],
            [
              25.026476,
              54.788694
            ],
            [
              25.019553,
              54.788004
            ],
            [
              25.019096,
              54.785701
            ],
            [
              25.021743,
              54.784814
            ],
            [
              25.009476,
              54.780842
            ],
            [
              25.006305,
              54.78191
            ],
            [
              25.003476,
              54.786924
            ],
            [
              25.001476,
              54.785784
            ],
            [
              24.997476,
              54.787639
            ],
            [
              24.999777,
              54.785081
            ],
            [
              24.998693,
              54.782864
            ],
            [
              24.991659,
              54.776898
            ],
            [
              24.989476,
              54.778787
            ],
            [
              24.988667,
              54.77589
            ],
            [
              24.984476,
              54.774765
            ],
            [
              24.980239,
              54.775844
            ],
            [
              24.979476,
              54.778673
            ],
            [
              24.969128,
              54.775732
            ],
            [
              24.967476,
              54.78392
            ],
            [
              24.966476,
              54.775553
            ],
            [
              24.959476,
              54.782158
            ],
            [
              24.959453,
              54.781058
            ],
            [
              24.965985,
              54.774081
            ],
            [
              24.963476,
              54.773511
            ],
            [
              24.960266,
              54.775291
            ],
            [
              24.959237,
              54.769842
            ],
            [
              24.962432,
              54.769081
            ],
            [
              24.95601,
              54.769615
            ],
            [
              24.958777,
              54.772382
            ],
            [
              24.952341,
              54.772081
            ],
            [
              24.955145,
              54.77175
            ],
            [
              24.954907,
              54.76865
            ],
            [
              24.947476,
              54.767429
            ],
            [
              24.947442,
              54.767047
            ],
            [
              24.949929,
              54.766534
            ],
            [
              24.950404,
              54.765081
            ],
            [
              24.942476,
              54.760696
            ],
            [
              24.939041,
              54.767517
            ],
            [
              24.940476,
              54.768847
            ],
            [
              24.945137,
              54.768081
            ],
            [
              24.942476,
              54.769244
            ],
            [
              24.939476,
              54.769331
            ],
            [
              24.938476,
              54.768389
            ],
            [
              24.937052,
              54.768657
            ],
            [
              24.936782,
              54.771775
            ],
            [
              24.939171,
              54.772081
            ],
            [
              24.936476,
              54.773589
            ],
            [
              24.935911,
              54.768646
            ],
            [
              24.929476,
              54.771803
            ],
            [
              24.92942,
              54.771081
            ],
            [
              24.930379,
              54.769984
            ],
            [
              24.932034,
              54.769639
            ],
            [
              24.931963,
              54.768595
            ],
            [
              24.927387,
              54.768171
            ],
            [
              24.933476,
              54.76776
            ],
            [
              24.938808,
              54.764413
            ],
            [
              24.942126,
              54.755731
            ],
            [
              24.950684,
              54.756289
            ],
            [
              24.952476,
              54.754844
            ],
            [
              24.948939,
              54.754619
            ],
            [
              24.945476,
              54.750877
            ],
            [
              24.937476,
              54.755843
            ],
            [
              24.923476,
              54.756778
            ],
            [
              24.918476,
              54.759727
            ],
            [
              24.913476,
              54.758679
            ],
            [
              24.907476,
              54.762557
            ],
            [
              24.898977,
              54.763582
            ],
            [
              24.898476,
              54.765393
            ],
            [
              24.896318,
              54.764081
            ],
            [
              24.898312,
              54.762917
            ],
            [
              24.906476,
              54.761613
            ],
            [
              24.908476,
              54.759455
            ],
            [
              24.895476,
              54.760674
            ],
            [
              24.894476,
              54.762061
            ],
            [
              24.890951,
              54.760606
            ],
            [
              24.889476,
              54.756767
            ],
            [
              24.886813,
              54.757745
            ],
            [
              24.883476,
              54.756723
            ],
            [
              24.876182,
              54.757786
            ],
            [
              24.877476,
              54.761736
            ],
            [
              24.885351,
              54.761081
            ],
            [
              24.877476,
              54.763411
            ],
            [
              24.869476,
              54.763947
            ],
            [
              24.869476,
              54.763034
            ],
            [
              24.874476,
              54.762802
            ],
            [
              24.875888,
              54.761493
            ],
            [
              24.872476,
              54.758599
            ],
            [
              24.863476,
              54.76134
            ],
            [
              24.860823,
              54.761428
            ],
            [
              24.860476,
              54.762215
            ],
            [
              24.857958,
              54.762081
            ],
            [
              24.860476,
              54.760908
            ],
            [
              24.863345,
              54.76095
            ],
            [
              24.863599,
              54.759958
            ],
            [
              24.866279,
              54.759883
            ],
            [
              24.866476,
              54.758685
            ],
            [
              24.870208,
              54.758813
            ],
            [
              24.870476,
              54.757599
            ],
            [
              24.874142,
              54.757746
            ],
            [
              24.874476,
              54.756538
            ],
            [
              24.892476,
              54.75583
            ],
            [
              24.893476,
              54.754371
            ],
            [
              24.902476,
              54.754799
            ],
            [
              24.903379,
              54.753179
            ],
            [
              24.901376,
              54.752981
            ],
            [
              24.913476,
              54.752773
            ],
            [
              24.913956,
              54.751601
            ],
            [
              24.910733,
              54.751081
            ],
            [
              24.915632,
              54.749237
            ],
            [
              24.910986,
              54.748571
            ],
            [
              24.913476,
              54.746336
            ],
            [
              24.919476,
              54.748301
            ],
            [
              24.919476,
              54.743886
            ],
            [
              24.913476,
              54.743868
            ],
            [
              24.908476,
              54.745849
            ],
            [
              24.902476,
              54.744828
            ],
            [
              24.892237,
              54.750842
            ],
            [
              24.891951,
              54.754081
            ],
            [
              24.891765,
              54.752792
            ],
            [
              24.886269,
              54.750874
            ],
            [
              24.889476,
              54.751468
            ],
            [
              24.899664,
              54.745269
            ],
            [
              24.894476,
              54.739781
            ],
            [
              24.890476,
              54.739759
            ],
            [
              24.888897,
              54.742502
            ],
            [
              24.885476,
              54.742684
            ],
            [
              24.876397,
              54.74716
            ],
            [
              24.878964,
              54.744081
            ],
            [
              24.874329,
              54.744228
            ],
            [
              24.87517,
              54.742774
            ],
            [
              24.887721,
              54.741326
            ],
            [
              24.88208,
              54.740477
            ],
            [
              24.887819,
              54.739081
            ],
            [
              24.882916,
              54.733081
            ],
            [
              24.889858,
              54.729463
            ],
            [
              24.893476,
              54.724456
            ],
            [
              24.893836,
              54.725721
            ],
            [
              24.898136,
              54.726081
            ],
            [
              24.893913,
              54.726518
            ],
            [
              24.890757,
              54.730361
            ],
            [
              24.885052,
              54.733081
            ],
            [
              24.891476,
              54.738397
            ],
            [
              24.905667,
              54.736272
            ],
            [
              24.90678,
              54.735081
            ],
            [
              24.903845,
              54.731081
            ],
            [
              24.909476,
              54.726414
            ],
            [
              24.921476,
              54.726361
            ],
            [
              24.922476,
              54.725357
            ],
            [
              24.925476,
              54.729316
            ],
            [
              24.938476,
              54.726324
            ],
            [
              24.937476,
              54.723328
            ],
            [
              24.941708,
              54.724081
            ],
            [
              24.937745,
              54.720081
            ],
            [
              24.939667,
              54.717891
            ],
            [
              24.936476,
              54.717769
            ],
            [
              24.935476,
              54.71974
            ],
            [
              24.934029,
              54.718529
            ],
            [
              24.935023,
              54.716628
            ],
            [
              24.937781,
              54.716081
            ],
            [
              24.934757,
              54.7118
            ],
            [
              24.930476,
              54.708753
            ],
            [
              24.925043,
              54.707515
            ],
            [
              24.935678,
              54.705081
            ],
            [
              24.932912,
              54.703645
            ],
            [
              24.933628,
              54.700929
            ],
            [
              24.928476,
              54.700829
            ],
            [
              24.923086,
              54.696081
            ],
            [
              24.925007,
              54.695081
            ],
            [
              24.924812,
              54.684745
            ],
            [
              24.923476,
              54.686716
            ],
            [
              24.919854,
              54.686081
            ],
            [
              24.922698,
              54.681859
            ],
            [
              24.918476,
              54.681712
            ],
            [
              24.917476,
              54.683675
            ],
            [
              24.914476,
              54.681674
            ],
            [
              24.911084,
              54.684689
            ],
            [
              24.911476,
              54.685729
            ],
            [
              24.918549,
              54.686081
            ],
            [
              24.912041,
              54.686646
            ],
            [
              24.914926,
              54.691081
            ],
            [
              24.912476,
              54.692569
            ],
            [
              24.910899,
              54.687658
            ],
            [
              24.909057,
              54.687661
            ],
            [
              24.908476,
              54.689401
            ],
            [
              24.907883,
              54.687674
            ],
            [
              24.905476,
              54.688422
            ],
            [
              24.90423,
              54.687327
            ],
            [
              24.904824,
              54.685733
            ],
            [
              24.901188,
              54.685793
            ],
            [
              24.896661,
              54.694081
            ],
            [
              24.897712,
              54.696081
            ],
            [
              24.894855,
              54.696081
            ],
            [
              24.892535,
              54.69514
            ],
            [
              24.89247,
              54.696081
            ],
            [
              24.892426,
              54.695131
            ],
            [
              24.896929,
              54.692533
            ],
            [
              24.89878,
              54.685777
            ],
            [
              24.896476,
              54.687551
            ],
            [
              24.888476,
              54.685376
            ],
            [
              24.881897,
              54.686081
            ],
            [
              24.883306,
              54.684081
            ],
            [
              24.883489,
              54.684068
            ],
            [
              24.883678,
              54.684879
            ],
            [
              24.886476,
              54.684845
            ],
            [
              24.889518,
              54.682039
            ],
            [
              24.889565,
              54.682993
            ],
            [
              24.888634,
              54.684081
            ],
            [
              24.891476,
              54.685693
            ],
            [
              24.900757,
              54.684361
            ],
            [
              24.903476,
              54.679719
            ],
            [
              24.899476,
              54.681649
            ],
            [
              24.893976,
              54.681081
            ],
            [
              24.898763,
              54.680368
            ],
            [
              24.901881,
              54.677081
            ],
            [
              24.900476,
              54.675619
            ],
            [
              24.893054,
              54.676659
            ],
            [
              24.890476,
              54.680507
            ],
            [
              24.891891,
              54.674666
            ],
            [
              24.883267,
              54.675081
            ],
            [
              24.885268,
              54.674873
            ],
            [
              24.885476,
              54.673185
            ],
            [
              24.886476,
              54.67397
            ],
            [
              24.887476,
              54.672638
            ],
            [
              24.888476,
              54.67353
            ],
            [
              24.891743,
              54.672348
            ],
            [
              24.88905,
              54.668655
            ],
            [
              24.891476,
              54.667427
            ],
            [
              24.894476,
              54.668396
            ],
            [
              24.895476,
              54.666394
            ],
            [
              24.898476,
              54.668369
            ],
            [
              24.906637,
              54.669242
            ],
            [
              24.908898,
              54.663503
            ],
            [
              24.911611,
              54.663215
            ],
            [
              24.914601,
              54.660205
            ],
            [
              24.915587,
              54.65497
            ],
            [
              24.908354,
              54.655959
            ],
            [
              24.907476,
              54.659867
            ],
            [
              24.902476,
              54.656885
            ],
            [
              24.894476,
              54.658861
            ],
            [
              24.873476,
              54.657773
            ],
            [
              24.868476,
              54.660714
            ],
            [
              24.865922,
              54.660527
            ],
            [
              24.864999,
              54.662558
            ],
            [
              24.868476,
              54.661961
            ],
            [
              24.867476,
              54.663262
            ],
            [
              24.860476,
              54.663447
            ],
            [
              24.856927,
              54.664531
            ],
            [
              24.857476,
              54.666573
            ],
            [
              24.854476,
              54.666707
            ],
            [
              24.852927,
              54.665081
            ],
            [
              24.860476,
              54.662715
            ],
            [
              24.860476,
              54.661538
            ],
            [
              24.853476,
              54.660356
            ],
            [
              24.851476,
              54.661276
            ],
            [
              24.851958,
              54.6576
            ],
            [
              24.84814,
              54.656081
            ],
            [
              24.850856,
              54.654702
            ],
            [
              24.842476,
              54.654246
            ],
            [
              24.839378,
              54.653081
            ],
            [
              24.843476,
              54.652955
            ],
            [
              24.844476,
              54.653831
            ],
            [
              24.851476,
              54.653647
            ],
            [
              24.853134,
              54.652081
            ],
            [
              24.850353,
              54.648957
            ],
            [
              24.85367,
              54.650887
            ],
            [
              24.853476,
              54.654605
            ],
            [
              24.857476,
              54.653573
            ],
            [
              24.860476,
              54.655502
            ],
            [
              24.869135,
              54.656422
            ],
            [
              24.874476,
              54.6554
            ],
            [
              24.875476,
              54.656379
            ],
            [
              24.877791,
              54.653081
            ],
            [
              24.8572,
              54.647358
            ],
            [
              24.856943,
              54.644614
            ],
            [
              24.852253,
              54.641081
            ],
            [
              24.856058,
              54.640081
            ],
            [
              24.852078,
              54.636081
            ],
            [
              24.857915,
              54.636081
            ],
            [
              24.856476,
              54.6337
            ],
            [
              24.849931,
              54.633081
            ],
            [
              24.851863,
              54.632081
            ],
            [
              24.85107,
              54.629674
            ],
            [
              24.85371,
              54.630315
            ],
            [
              24.854476,
              54.626785
            ],
            [
              24.842476,
              54.627693
            ],
            [
              24.842476,
              54.631597
            ],
            [
              24.841476,
              54.62965
            ],
            [
              24.840132,
              54.631425
            ],
            [
              24.839476,
              54.628651
            ],
            [
              24.837476,
              54.630985
            ],
            [
              24.835784,
              54.627773
            ],
            [
              24.831476,
              54.627543
            ],
            [
              24.830772,
              54.630376
            ],
            [
              24.828797,
              54.629081
            ],
            [
              24.829476,
              54.632195
            ],
            [
              24.827401,
              54.632081
            ],
            [
              24.827476,
              54.627457
            ],
            [
              24.825476,
              54.629331
            ],
            [
              24.824476,
              54.627363
            ],
            [
              24.820714,
              54.627319
            ],
            [
              24.820476,
              54.628543
            ],
            [
              24.818476,
              54.627377
            ],
            [
              24.823043,
              54.626648
            ],
            [
              24.824476,
              54.62445
            ],
            [
              24.82395,
              54.626607
            ],
            [
              24.829476,
              54.626662
            ],
            [
              24.830476,
              54.623655
            ],
            [
              24.831101,
              54.626456
            ],
            [
              24.838476,
              54.627511
            ],
            [
              24.847845,
              54.62245
            ],
            [
              24.846068,
              54.619672
            ],
            [
              24.851787,
              54.620392
            ],
            [
              24.858867,
              54.615081
            ],
            [
              24.857476,
              54.612705
            ],
            [
              24.847476,
              54.612581
            ],
            [
              24.842476,
              54.609517
            ],
            [
              24.842695,
              54.6113
            ],
            [
              24.839476,
              54.610479
            ],
            [
              24.836476,
              54.615365
            ],
            [
              24.836248,
              54.614309
            ],
            [
              24.834476,
              54.614755
            ],
            [
              24.834442,
              54.614046
            ],
            [
              24.837154,
              54.610081
            ],
            [
              24.832362,
              54.609966
            ],
            [
              24.841476,
              54.607601
            ],
            [
              24.842778,
              54.605779
            ],
            [
              24.838476,
              54.606551
            ],
            [
              24.830476,
              54.604374
            ],
            [
              24.826476,
              54.605525
            ],
            [
              24.826274,
              54.603284
            ],
            [
              24.824397,
              54.603081
            ],
            [
              24.827628,
              54.601929
            ],
            [
              24.835476,
              54.604653
            ],
            [
              24.843476,
              54.604522
            ],
            [
              24.844476,
              54.602534
            ],
            [
              24.846476,
              54.603487
            ],
            [
              24.845119,
              54.600723
            ],
            [
              24.850476,
              54.600491
            ],
            [
              24.85398,
              54.597081
            ],
            [
              24.846476,
              54.596297
            ],
            [
              24.846356,
              54.594961
            ],
            [
              24.854476,
              54.595621
            ],
            [
              24.858223,
              54.592081
            ],
            [
              24.855314,
              54.591081
            ],
            [
              24.859173,
              54.590778
            ],
            [
              24.859476,
              54.589216
            ],
            [
              24.859819,
              54.591738
            ],
            [
              24.862884,
              54.592081
            ],
            [
              24.859476,
              54.592268
            ],
            [
              24.857074,
              54.595483
            ],
            [
              24.865524,
              54.595033
            ],
            [
              24.866476,
              54.598754
            ],
            [
              24.862476,
              54.598327
            ],
            [
              24.859476,
              54.602493
            ],
            [
              24.852476,
              54.600652
            ],
            [
              24.852232,
              54.602325
            ],
            [
              24.856476,
              54.603401
            ],
            [
              24.870476,
              54.604327
            ],
            [
              24.867609,
              54.599214
            ],
            [
              24.869956,
              54.599601
            ],
            [
              24.875713,
              54.605317
            ],
            [
              24.884634,
              54.603239
            ],
            [
              24.885476,
              54.600338
            ],
            [
              24.887248,
              54.603309
            ],
            [
              24.898476,
              54.600291
            ],
            [
              24.901476,
              54.602275
            ],
            [
              24.905291,
              54.602266
            ],
            [
              24.909476,
              54.600254
            ],
            [
              24.913476,
              54.600247
            ],
            [
              24.904476,
              54.590872
            ],
            [
              24.874476,
              54.588685
            ],
            [
              24.863207,
              54.58435
            ],
            [
              24.863476,
              54.582603
            ],
            [
              24.874476,
              54.587435
            ],
            [
              24.902619,
              54.589224
            ],
            [
              24.894758,
              54.580799
            ],
            [
              24.887047,
              54.57651
            ],
            [
              24.881819,
              54.568738
            ],
            [
              24.873966,
              54.572591
            ],
            [
              24.880057,
              54.567081
            ],
            [
              24.879476,
              54.564376
            ],
            [
              24.875272,
              54.565285
            ],
            [
              24.876222,
              54.560826
            ],
            [
              24.879476,
              54.561912
            ],
            [
              24.881174,
              54.561081
            ],
            [
              24.881923,
              54.565634
            ],
            [
              24.88951,
              54.571115
            ],
            [
              24.887476,
              54.571196
            ],
            [
              24.883476,
              54.568434
            ],
            [
              24.884188,
              54.571369
            ],
            [
              24.896961,
              54.580597
            ],
            [
              24.912476,
              54.597253
            ],
            [
              24.915596,
              54.596201
            ],
            [
              24.916871,
              54.591476
            ],
            [
              24.924624,
              54.589229
            ],
            [
              24.927476,
              54.585456
            ],
            [
              24.956644,
              54.587249
            ],
            [
              24.956731,
              54.583826
            ],
            [
              24.947991,
              54.581567
            ],
            [
              24.943026,
              54.576531
            ],
            [
              24.942843,
              54.568081
            ],
            [
              24.939654,
              54.563903
            ],
            [
              24.929476,
              54.563825
            ],
            [
              24.928476,
              54.565807
            ],
            [
              24.924476,
              54.563795
            ],
            [
              24.914044,
              54.563513
            ],
            [
              24.915476,
              54.562427
            ],
            [
              24.927476,
              54.563349
            ],
            [
              24.92872,
              54.561837
            ],
            [
              24.926957,
              54.561601
            ],
            [
              24.92609,
              54.556695
            ],
            [
              24.928318,
              54.559239
            ],
            [
              24.931476,
              54.559305
            ],
            [
              24.93661,
              54.556215
            ],
            [
              24.934476,
              54.554288
            ],
            [
              24.938476,
              54.554275
            ],
            [
              24.945647,
              54.551081
            ],
            [
              24.943476,
              54.547896
            ],
            [
              24.939878,
              54.54868
            ],
            [
              24.939709,
              54.543081
            ],
            [
              24.936978,
              54.54358
            ],
            [
              24.936729,
              54.540828
            ],
            [
              24.934476,
              54.541813
            ],
            [
              24.934653,
              54.539904
            ],
            [
              24.932193,
              54.538798
            ],
            [
              24.923476,
              54.538741
            ],
            [
              24.922476,
              54.5407
            ],
            [
              24.917083,
              54.537474
            ],
            [
              24.916027,
              54.53453
            ],
            [
              24.913266,
              54.534292
            ],
            [
              24.917122,
              54.528081
            ],
            [
              24.916476,
              54.526649
            ],
            [
              24.913476,
              54.527605
            ],
            [
              24.911981,
              54.526081
            ],
            [
              24.916904,
              54.525081
            ],
            [
              24.915158,
              54.518081
            ],
            [
              24.916912,
              54.510645
            ],
            [
              24.90058,
              54.511185
            ],
            [
              24.896989,
              54.510081
            ],
            [
              24.925707,
              54.510312
            ],
            [
              24.912191,
              54.504366
            ],
            [
              24.905409,
              54.500148
            ],
            [
              24.905476,
              54.498576
            ],
            [
              24.913476,
              54.503628
            ],
            [
              24.914281,
              54.499886
            ],
            [
              24.916476,
              54.497939
            ],
            [
              24.918959,
              54.498081
            ],
            [
              24.915008,
              54.500613
            ],
            [
              24.915136,
              54.504422
            ],
            [
              24.931476,
              54.510389
            ],
            [
              24.953476,
              54.504625
            ],
            [
              24.959881,
              54.495081
            ],
            [
              24.951209,
              54.490348
            ],
            [
              24.950117,
              54.489081
            ],
            [
              24.950041,
              54.486516
            ],
            [
              24.946902,
              54.485081
            ],
            [
              24.949507,
              54.48505
            ],
            [
              24.950685,
              54.486081
            ],
            [
              24.950657,
              54.4889
            ],
            [
              24.959476,
              54.4935
            ],
            [
              24.963476,
              54.493457
            ],
            [
              24.968476,
              54.496404
            ],
            [
              24.975476,
              54.497416
            ],
            [
              24.97767,
              54.495887
            ],
            [
              24.967925,
              54.486081
            ],
            [
              24.969476,
              54.483586
            ],
            [
              24.973476,
              54.483608
            ],
            [
              24.97908,
              54.488477
            ],
            [
              24.9867,
              54.489305
            ],
            [
              24.984853,
              54.488081
            ],
            [
              24.983476,
              54.471688
            ],
            [
              24.987814,
              54.475081
            ],
            [
              24.984821,
              54.476425
            ],
            [
              24.988476,
              54.489407
            ],
            [
              24.996754,
              54.488359
            ],
            [
              24.99611,
              54.486714
            ],
            [
              25.000845,
              54.48345
            ],
            [
              25.000946,
              54.481611
            ],
            [
              24.998476,
              54.481263
            ],
            [
              24.998158,
              54.4804
            ],
            [
              24.996442,
              54.480115
            ],
            [
              24.995544,
              54.479081
            ],
            [
              24.996493,
              54.479064
            ],
            [
              24.996585,
              54.479972
            ],
            [
              24.998476,
              54.479918
            ],
            [
              25.003476,
              54.481711
            ],
            [
              25.004061,
              54.478081
            ],
            [
              25.006476,
              54.477029
            ],
            [
              25.009405,
              54.480081
            ],
            [
              25.005928,
              54.480533
            ],
            [
              25.00309,
              54.483468
            ],
            [
              25.011476,
              54.484925
            ],
            [
              25.012476,
              54.483643
            ],
            [
              25.014309,
              54.485081
            ],
            [
              25.004476,
              54.485455
            ],
            [
              25.001476,
              54.484531
            ],
            [
              25.001138,
              54.485419
            ],
            [
              25.002476,
              54.486613
            ],
            [
              25.013476,
              54.486943
            ],
            [
              25.015872,
              54.488081
            ],
            [
              25.013476,
              54.488198
            ],
            [
              25.012476,
              54.487258
            ],
            [
              25.001476,
              54.487549
            ],
            [
              24.999476,
              54.486605
            ],
            [
              24.997201,
              54.492357
            ],
            [
              25.019693,
              54.487864
            ],
            [
              25.016476,
              54.49056
            ],
            [
              25.004476,
              54.491713
            ],
            [
              24.995476,
              54.494787
            ],
            [
              24.994476,
              54.49834
            ],
            [
              25.010476,
              54.498436
            ],
            [
              25.013476,
              54.496475
            ],
            [
              25.023476,
              54.495608
            ],
            [
              25.026886,
              54.49449
            ],
            [
              25.029422,
              54.490027
            ],
            [
              25.030476,
              54.489359
            ],
            [
              25.030514,
              54.490119
            ],
            [
              25.029653,
              54.490257
            ],
            [
              25.029698,
              54.492081
            ],
            [
              25.028774,
              54.493081
            ],
            [
              25.029037,
              54.49452
            ],
            [
              25.036671,
              54.495081
            ],
            [
              25.025476,
              54.495512
            ],
            [
              25.020476,
              54.497609
            ],
            [
              25.014476,
              54.497682
            ],
            [
              25.011476,
              54.499718
            ],
            [
              24.993476,
              54.499826
            ],
            [
              24.992315,
              54.50092
            ],
            [
              24.992321,
              54.502237
            ],
            [
              24.995476,
              54.503327
            ],
            [
              25.016476,
              54.504456
            ],
            [
              25.02875,
              54.509081
            ],
            [
              25.011476,
              54.504747
            ],
            [
              24.990705,
              54.503852
            ],
            [
              24.989333,
              54.504938
            ],
            [
              24.985297,
              54.512081
            ],
            [
              24.984324,
              54.521081
            ],
            [
              24.992476,
              54.529215
            ],
            [
              25.003577,
              54.527182
            ],
            [
              25.018892,
              54.513497
            ],
            [
              25.021476,
              54.512298
            ],
            [
              25.02305,
              54.513081
            ],
            [
              25.005174,
              54.528779
            ],
            [
              24.991476,
              54.530947
            ],
            [
              24.994398,
              54.53616
            ],
            [
              25.000476,
              54.538192
            ],
            [
              25.006554,
              54.535159
            ],
            [
              25.004715,
              54.53332
            ],
            [
              25.009598,
              54.533081
            ],
            [
              25.002732,
              54.531826
            ],
            [
              25.002732,
              54.530337
            ],
            [
              25.01056,
              54.531165
            ],
            [
              25.013736,
              54.52534
            ],
            [
              25.029585,
              54.51219
            ],
            [
              25.029812,
              54.510417
            ],
            [
              25.040606,
              54.506211
            ],
            [
              25.045625,
              54.50123
            ],
            [
              25.046005,
              54.491609
            ],
            [
              25.060476,
              54.48453
            ],
            [
              25.063811,
              54.484416
            ],
            [
              25.064375,
              54.47698
            ],
            [
              25.065476,
              54.476953
            ],
            [
              25.066616,
              54.477941
            ],
            [
              25.067476,
              54.482659
            ],
            [
              25.069476,
              54.482708
            ],
            [
              25.072476,
              54.480832
            ],
            [
              25.077161,
              54.480081
            ],
            [
              25.076514,
              54.482081
            ],
            [
              25.076476,
              54.482082
            ],
            [
              25.076474,
              54.482078
            ],
            [
              25.076366,
              54.481191
            ],
            [
              25.073476,
              54.481298
            ],
            [
              25.071027,
              54.482632
            ],
            [
              25.072521,
              54.487125
            ],
            [
              25.068476,
              54.483485
            ],
            [
              25.065476,
              54.48556
            ],
            [
              25.061476,
              54.485626
            ],
            [
              25.057476,
              54.488471
            ],
            [
              25.068476,
              54.489623
            ],
            [
              25.067476,
              54.491554
            ],
            [
              25.052476,
              54.492739
            ],
            [
              25.050476,
              54.494726
            ],
            [
              25.048476,
              54.492776
            ],
            [
              25.04821,
              54.496081
            ],
            [
              25.056476,
              54.501402
            ],
            [
              25.05991,
              54.501647
            ],
            [
              25.065476,
              54.507547
            ],
            [
              25.071476,
              54.507649
            ],
            [
              25.080476,
              54.511014
            ],
            [
              25.081096,
              54.512081
            ],
            [
              25.080465,
              54.512092
            ],
            [
              25.080342,
              54.511216
            ],
            [
              25.076476,
              54.511307
            ],
            [
              25.070476,
              54.50853
            ],
            [
              25.064476,
              54.508621
            ],
            [
              25.058708,
              54.50285
            ],
            [
              25.055476,
              54.50276
            ],
            [
              25.047476,
              54.497825
            ],
            [
              25.053197,
              54.504081
            ],
            [
              25.054941,
              54.519546
            ],
            [
              25.051895,
              54.515081
            ],
            [
              25.050744,
              54.503081
            ],
            [
              25.047476,
              54.500845
            ],
            [
              25.039273,
              54.510081
            ],
            [
              25.034476,
              54.527231
            ],
            [
              25.053476,
              54.529265
            ],
            [
              25.057293,
              54.525081
            ],
            [
              25.056476,
              54.519671
            ],
            [
              25.061341,
              54.530216
            ],
            [
              25.067476,
              54.53021
            ],
            [
              25.075476,
              54.525224
            ],
            [
              25.074199,
              54.528804
            ],
            [
              25.069391,
              54.531166
            ],
            [
              25.080553,
              54.532158
            ],
            [
              25.088816,
              54.50742
            ],
            [
              25.101617,
              54.501221
            ],
            [
              25.103702,
              54.499081
            ],
            [
              25.102737,
              54.494081
            ],
            [
              25.105757,
              54.491081
            ],
            [
              25.101067,
              54.487491
            ],
            [
              25.100782,
              54.481776
            ],
            [
              25.093252,
              54.478305
            ],
            [
              25.093252,
              54.476857
            ],
            [
              25.099036,
              54.476081
            ],
            [
              25.098476,
              54.477164
            ],
            [
              25.095992,
              54.477597
            ],
            [
              25.096085,
              54.478473
            ],
            [
              25.104476,
              54.482475
            ],
            [
              25.106865,
              54.477081
            ],
            [
              25.107476,
              54.479729
            ],
            [
              25.112476,
              54.479613
            ],
            [
              25.114476,
              54.474817
            ],
            [
              25.114645,
              54.478081
            ],
            [
              25.113056,
              54.484081
            ],
            [
              25.117115,
              54.491081
            ],
            [
              25.1162,
              54.496358
            ],
            [
              25.127476,
              54.497703
            ],
            [
              25.132551,
              54.501081
            ],
            [
              25.132476,
              54.502132
            ],
            [
              25.126476,
              54.49848
            ],
            [
              25.115476,
              54.497661
            ],
            [
              25.115476,
              54.492744
            ],
            [
              25.113476,
              54.493759
            ],
            [
              25.106296,
              54.4929
            ],
            [
              25.1092,
              54.495081
            ],
            [
              25.109107,
              54.506081
            ],
            [
              25.114356,
              54.514201
            ],
            [
              25.123476,
              54.513257
            ],
            [
              25.12814,
              54.514417
            ],
            [
              25.129476,
              54.516242
            ],
            [
              25.145197,
              54.51736
            ],
            [
              25.144476,
              54.524208
            ],
            [
              25.154191,
              54.518367
            ],
            [
              25.153197,
              54.521802
            ],
            [
              25.144392,
              54.525997
            ],
            [
              25.147476,
              54.527197
            ],
            [
              25.164476,
              54.528184
            ],
            [
              25.164689,
              54.525294
            ],
            [
              25.168694,
              54.522298
            ],
            [
              25.175545,
              54.52415
            ],
            [
              25.176551,
              54.519007
            ],
            [
              25.173707,
              54.51785
            ],
            [
              25.172557,
              54.514
            ],
            [
              25.169725,
              54.512833
            ],
            [
              25.167563,
              54.508995
            ],
            [
              25.161476,
              54.509937
            ],
            [
              25.159476,
              54.512928
            ],
            [
              25.159624,
              54.510081
            ],
            [
              25.156593,
              54.506965
            ],
            [
              25.154476,
              54.505913
            ],
            [
              25.153476,
              54.507906
            ],
            [
              25.151822,
              54.506735
            ],
            [
              25.152655,
              54.504902
            ],
            [
              25.150666,
              54.504081
            ],
            [
              25.153648,
              54.498909
            ],
            [
              25.149827,
              54.49873
            ],
            [
              25.149827,
              54.497432
            ],
            [
              25.156476,
              54.496245
            ],
            [
              25.156641,
              54.495081
            ],
            [
              25.154476,
              54.492902
            ],
            [
              25.152847,
              54.49371
            ],
            [
              25.152661,
              54.490897
            ],
            [
              25.150854,
              54.490704
            ],
            [
              25.14869,
              54.485081
            ],
            [
              25.150625,
              54.481932
            ],
            [
              25.143975,
              54.482582
            ],
            [
              25.138035,
              54.474522
            ],
            [
              25.142688,
              54.471869
            ],
            [
              25.124476,
              54.470504
            ],
            [
              25.121203,
              54.467081
            ],
            [
              25.121476,
              54.465854
            ],
            [
              25.125476,
              54.469631
            ],
            [
              25.133476,
              54.469499
            ],
            [
              25.133802,
              54.465755
            ],
            [
              25.127476,
              54.465441
            ],
            [
              25.123356,
              54.462961
            ],
            [
              25.128476,
              54.4647
            ],
            [
              25.135476,
              54.464568
            ],
            [
              25.135218,
              54.46934
            ],
            [
              25.145677,
              54.471282
            ],
            [
              25.145734,
              54.465824
            ],
            [
              25.12743,
              54.456081
            ],
            [
              25.130476,
              54.456291
            ],
            [
              25.147476,
              54.465448
            ],
            [
              25.151776,
              54.462381
            ],
            [
              25.152063,
              54.458081
            ],
            [
              25.150476,
              54.456367
            ],
            [
              25.144476,
              54.455564
            ],
            [
              25.150946,
              54.455551
            ],
            [
              25.150476,
              54.451742
            ],
            [
              25.151606,
              54.453081
            ],
            [
              25.151802,
              54.456081
            ],
            [
              25.152849,
              54.457081
            ],
            [
              25.153029,
              54.463528
            ],
            [
              25.162476,
              54.458786
            ],
            [
              25.168593,
              54.458081
            ],
            [
              25.150088,
              54.466081
            ],
            [
              25.154023,
              54.468534
            ],
            [
              25.159762,
              54.468795
            ],
            [
              25.157929,
              54.471081
            ],
            [
              25.160476,
              54.473752
            ],
            [
              25.162476,
              54.471888
            ],
            [
              25.164476,
              54.471015
            ],
            [
              25.165923,
              54.471081
            ],
            [
              25.164612,
              54.471217
            ],
            [
              25.164551,
              54.472156
            ],
            [
              25.161765,
              54.474081
            ],
            [
              25.162826,
              54.475731
            ],
            [
              25.16588,
              54.476081
            ],
            [
              25.162476,
              54.47626
            ],
            [
              25.159257,
              54.4743
            ],
            [
              25.15393,
              54.468628
            ],
            [
              25.148476,
              54.466705
            ],
            [
              25.147149,
              54.469081
            ],
            [
              25.147284,
              54.472274
            ],
            [
              25.150189,
              54.474081
            ],
            [
              25.148302,
              54.475256
            ],
            [
              25.149476,
              54.476336
            ],
            [
              25.152476,
              54.475351
            ],
            [
              25.156225,
              54.479081
            ],
            [
              25.152324,
              54.481929
            ],
            [
              25.153341,
              54.485216
            ],
            [
              25.166975,
              54.487582
            ],
            [
              25.166476,
              54.488829
            ],
            [
              25.163326,
              54.488931
            ],
            [
              25.163281,
              54.491081
            ],
            [
              25.165351,
              54.494206
            ],
            [
              25.16928,
              54.495081
            ],
            [
              25.164476,
              54.495894
            ],
            [
              25.165368,
              54.497189
            ],
            [
              25.183476,
              54.500339
            ],
            [
              25.180476,
              54.497878
            ],
            [
              25.172929,
              54.496628
            ],
            [
              25.171705,
              54.495081
            ],
            [
              25.173476,
              54.494309
            ],
            [
              25.182072,
              54.496486
            ],
            [
              25.188114,
              54.500443
            ],
            [
              25.189362,
              54.503195
            ],
            [
              25.194299,
              54.505258
            ],
            [
              25.204476,
              54.501301
            ],
            [
              25.214854,
              54.507458
            ],
            [
              25.214888,
              54.505669
            ],
            [
              25.207209,
              54.501349
            ],
            [
              25.206476,
              54.498757
            ],
            [
              25.2118,
              54.501757
            ],
            [
              25.224476,
              54.51237
            ],
            [
              25.221079,
              54.504683
            ],
            [
              25.223476,
              54.506449
            ],
            [
              25.227762,
              54.505367
            ],
            [
              25.239476,
              54.495981
            ],
            [
              25.23952,
              54.497124
            ],
            [
              25.236686,
              54.500291
            ],
            [
              25.22513,
              54.508081
            ],
            [
              25.226476,
              54.51436
            ],
            [
              25.231476,
              54.515391
            ],
            [
              25.232476,
              54.512446
            ],
            [
              25.238476,
              54.512501
            ],
            [
              25.239853,
              54.513705
            ],
            [
              25.241018,
              54.517081
            ],
            [
              25.238863,
              54.522081
            ],
            [
              25.243476,
              54.528262
            ],
            [
              25.249476,
              54.52725
            ],
            [
              25.25079,
              54.523395
            ],
            [
              25.253476,
              54.522234
            ],
            [
              25.256476,
              54.523229
            ],
            [
              25.257476,
              54.521233
            ],
            [
              25.260476,
              54.524224
            ],
            [
              25.264566,
              54.524171
            ],
            [
              25.26175,
              54.523807
            ],
            [
              25.26175,
              54.522355
            ],
            [
              25.265567,
              54.52199
            ],
            [
              25.25962,
              54.520081
            ],
            [
              25.266476,
              54.519218
            ],
            [
              25.264574,
              54.516984
            ],
            [
              25.261629,
              54.514929
            ],
            [
              25.256795,
              54.515762
            ],
            [
              25.258635,
              54.513081
            ],
            [
              25.254476,
              54.508904
            ],
            [
              25.244335,
              54.50994
            ],
            [
              25.245476,
              54.513845
            ],
            [
              25.241907,
              54.51065
            ],
            [
              25.241902,
              54.508507
            ],
            [
              25.251476,
              54.506268
            ],
            [
              25.251664,
              54.505081
            ],
            [
              25.245926,
              54.498632
            ],
            [
              25.245641,
              54.494917
            ],
            [
              25.242196,
              54.496081
            ],
            [
              25.243938,
              54.498543
            ],
            [
              25.241003,
              54.497555
            ],
            [
              25.24174,
              54.494081
            ],
            [
              25.239786,
              54.493772
            ],
            [
              25.239476,
              54.491907
            ],
            [
              25.233296,
              54.496261
            ],
            [
              25.238872,
              54.487081
            ],
            [
              25.23676,
              54.484798
            ],
            [
              25.2301,
              54.485705
            ],
            [
              25.22861,
              54.490215
            ],
            [
              25.227476,
              54.491182
            ],
            [
              25.225429,
              54.491128
            ],
            [
              25.225128,
              54.491081
            ],
            [
              25.227252,
              54.490856
            ],
            [
              25.228045,
              54.48965
            ],
            [
              25.227476,
              54.48744
            ],
            [
              25.223554,
              54.490159
            ],
            [
              25.221378,
              54.490081
            ],
            [
              25.223296,
              54.489901
            ],
            [
              25.225279,
              54.486883
            ],
            [
              25.227894,
              54.486499
            ],
            [
              25.228851,
              54.484706
            ],
            [
              25.221476,
              54.484317
            ],
            [
              25.216885,
              54.483081
            ],
            [
              25.221476,
              54.482861
            ],
            [
              25.222476,
              54.483814
            ],
            [
              25.227867,
              54.483472
            ],
            [
              25.225418,
              54.477023
            ],
            [
              25.228056,
              54.481502
            ],
            [
              25.232476,
              54.483573
            ],
            [
              25.23677,
              54.483374
            ],
            [
              25.240042,
              54.479647
            ],
            [
              25.241476,
              54.482595
            ],
            [
              25.248476,
              54.480525
            ],
            [
              25.254476,
              54.481465
            ],
            [
              25.255929,
              54.479081
            ],
            [
              25.253064,
              54.473081
            ],
            [
              25.255476,
              54.472066
            ],
            [
              25.258084,
              54.476473
            ],
            [
              25.260476,
              54.476605
            ],
            [
              25.268578,
              54.470979
            ],
            [
              25.268518,
              54.472123
            ],
            [
              25.262897,
              54.476081
            ],
            [
              25.268243,
              54.479081
            ],
            [
              25.266476,
              54.480267
            ],
            [
              25.265476,
              54.478419
            ],
            [
              25.258476,
              54.479618
            ],
            [
              25.259045,
              54.482512
            ],
            [
              25.261476,
              54.481552
            ],
            [
              25.262476,
              54.482558
            ],
            [
              25.267476,
              54.481647
            ],
            [
              25.277476,
              54.482791
            ],
            [
              25.280046,
              54.481081
            ],
            [
              25.277476,
              54.479406
            ],
            [
              25.2699,
              54.479081
            ],
            [
              25.276944,
              54.478549
            ],
            [
              25.277476,
              54.474777
            ],
            [
              25.279052,
              54.479505
            ],
            [
              25.281476,
              54.480627
            ],
            [
              25.28282,
              54.479425
            ],
            [
              25.283286,
              54.473081
            ],
            [
              25.281476,
              54.471486
            ],
            [
              25.276984,
              54.471081
            ],
            [
              25.282476,
              54.470657
            ],
            [
              25.283476,
              54.468548
            ],
            [
              25.289754,
              54.467359
            ],
            [
              25.293476,
              54.461912
            ],
            [
              25.294167,
              54.46439
            ],
            [
              25.297832,
              54.464437
            ],
            [
              25.300028,
              54.459081
            ],
            [
              25.298476,
              54.45791
            ],
            [
              25.304476,
              54.459561
            ],
            [
              25.309476,
              54.458483
            ],
            [
              25.319683,
              54.459288
            ],
            [
              25.324975,
              54.449081
            ],
            [
              25.324899,
              54.445659
            ],
            [
              25.321476,
              54.445311
            ],
            [
              25.32085,
              54.443081
            ],
            [
              25.32254,
              54.443017
            ],
            [
              25.323476,
              54.444778
            ],
            [
              25.324951,
              54.444556
            ],
            [
              25.327476,
              54.440123
            ],
            [
              25.327904,
              54.442081
            ],
            [
              25.327023,
              54.444534
            ],
            [
              25.328476,
              54.445731
            ],
            [
              25.330476,
              54.444777
            ],
            [
              25.330742,
              54.446081
            ],
            [
              25.328055,
              54.44666
            ],
            [
              25.328654,
              54.448259
            ],
            [
              25.326003,
              54.450081
            ],
            [
              25.332835,
              54.454081
            ],
            [
              25.325476,
              54.451614
            ],
            [
              25.324097,
              54.455081
            ],
            [
              25.334678,
              54.455879
            ],
            [
              25.335143,
              54.464414
            ],
            [
              25.347615,
              54.465942
            ],
            [
              25.349476,
              54.46842
            ],
            [
              25.352476,
              54.466519
            ],
            [
              25.358476,
              54.466478
            ],
            [
              25.361476,
              54.464835
            ],
            [
              25.359978,
              54.467579
            ],
            [
              25.367623,
              54.471934
            ],
            [
              25.365315,
              54.472243
            ],
            [
              25.361476,
              54.46963
            ],
            [
              25.360476,
              54.4706
            ],
            [
              25.356476,
              54.468709
            ],
            [
              25.354131,
              54.470081
            ],
            [
              25.355897,
              54.471502
            ],
            [
              25.351476,
              54.473748
            ],
            [
              25.347476,
              54.471785
            ],
            [
              25.343308,
              54.476249
            ],
            [
              25.352476,
              54.476379
            ],
            [
              25.352476,
              54.477783
            ],
            [
              25.339476,
              54.477845
            ],
            [
              25.332336,
              54.479941
            ],
            [
              25.340223,
              54.485334
            ],
            [
              25.349476,
              54.488357
            ],
            [
              25.359723,
              54.483328
            ],
            [
              25.360476,
              54.477927
            ],
            [
              25.362216,
              54.482342
            ],
            [
              25.365476,
              54.482508
            ],
            [
              25.372841,
              54.481446
            ],
            [
              25.375545,
              54.477012
            ],
            [
              25.377476,
              54.479778
            ],
            [
              25.381208,
              54.479813
            ],
            [
              25.381476,
              54.478378
            ],
            [
              25.383787,
              54.479081
            ],
            [
              25.37988,
              54.480485
            ],
            [
              25.379622,
              54.482081
            ],
            [
              25.386476,
              54.490335
            ],
            [
              25.394476,
              54.488365
            ],
            [
              25.400476,
              54.484426
            ],
            [
              25.405106,
              54.486081
            ],
            [
              25.404476,
              54.488695
            ],
            [
              25.40372,
              54.486837
            ],
            [
              25.401476,
              54.488718
            ],
            [
              25.400476,
              54.486752
            ],
            [
              25.398476,
              54.489755
            ],
            [
              25.396476,
              54.488782
            ],
            [
              25.391302,
              54.490906
            ],
            [
              25.393476,
              54.495791
            ],
            [
              25.388476,
              54.492833
            ],
            [
              25.386009,
              54.495614
            ],
            [
              25.381334,
              54.496939
            ],
            [
              25.386313,
              54.502244
            ],
            [
              25.390976,
              54.502582
            ],
            [
              25.388319,
              54.503924
            ],
            [
              25.388476,
              54.506292
            ],
            [
              25.410476,
              54.505359
            ],
            [
              25.413476,
              54.506343
            ],
            [
              25.414669,
              54.503888
            ],
            [
              25.410476,
              54.499729
            ],
            [
              25.404476,
              54.499668
            ],
            [
              25.403476,
              54.501626
            ],
            [
              25.396987,
              54.500081
            ],
            [
              25.402476,
              54.498519
            ],
            [
              25.411476,
              54.498426
            ],
            [
              25.417934,
              54.500624
            ],
            [
              25.416215,
              54.506081
            ],
            [
              25.418476,
              54.507322
            ],
            [
              25.421476,
              54.507311
            ],
            [
              25.423476,
              54.505316
            ],
            [
              25.432476,
              54.507277
            ],
            [
              25.439722,
              54.500081
            ],
            [
              25.436476,
              54.496792
            ],
            [
              25.434169,
              54.495774
            ],
            [
              25.431476,
              54.496753
            ],
            [
              25.430476,
              54.494747
            ],
            [
              25.411189,
              54.496368
            ],
            [
              25.411476,
              54.494669
            ],
            [
              25.412476,
              54.495633
            ],
            [
              25.426476,
              54.494449
            ],
            [
              25.422476,
              54.489519
            ],
            [
              25.429476,
              54.493421
            ],
            [
              25.430476,
              54.492425
            ],
            [
              25.432476,
              54.493404
            ],
            [
              25.428889,
              54.488081
            ],
            [
              25.430911,
              54.487646
            ],
            [
              25.434264,
              54.493293
            ],
            [
              25.440476,
              54.498339
            ],
            [
              25.44567,
              54.495275
            ],
            [
              25.445024,
              54.493629
            ],
            [
              25.447686,
              54.49329
            ],
            [
              25.448033,
              54.491638
            ],
            [
              25.452722,
              54.490327
            ],
            [
              25.452874,
              54.489081
            ],
            [
              25.444476,
              54.485511
            ],
            [
              25.437476,
              54.488205
            ],
            [
              25.435122,
              54.488081
            ],
            [
              25.437234,
              54.487839
            ],
            [
              25.43738,
              54.486984
            ],
            [
              25.442106,
              54.485081
            ],
            [
              25.434468,
              54.485089
            ],
            [
              25.435417,
              54.484021
            ],
            [
              25.43712,
              54.483725
            ],
            [
              25.436476,
              54.480453
            ],
            [
              25.440393,
              54.481165
            ],
            [
              25.439988,
              54.483569
            ],
            [
              25.442476,
              54.483711
            ],
            [
              25.442476,
              54.48136
            ],
            [
              25.444476,
              54.482756
            ],
            [
              25.446771,
              54.479786
            ],
            [
              25.448912,
              54.483517
            ],
            [
              25.446476,
              54.482305
            ],
            [
              25.445082,
              54.484475
            ],
            [
              25.451476,
              54.486527
            ],
            [
              25.449015,
              54.484081
            ],
            [
              25.450476,
              54.483612
            ],
            [
              25.455476,
              54.488483
            ],
            [
              25.458826,
              54.485731
            ],
            [
              25.44935,
              54.479954
            ],
            [
              25.450476,
              54.479843
            ],
            [
              25.461476,
              54.485593
            ],
            [
              25.467991,
              54.481595
            ],
            [
              25.468476,
              54.478981
            ],
            [
              25.469476,
              54.480907
            ],
            [
              25.472748,
              54.480081
            ],
            [
              25.472504,
              54.481109
            ],
            [
              25.46779,
              54.483081
            ],
            [
              25.469476,
              54.48384
            ],
            [
              25.473476,
              54.482045
            ],
            [
              25.473492,
              54.483097
            ],
            [
              25.468012,
              54.484616
            ],
            [
              25.462476,
              54.48959
            ],
            [
              25.457198,
              54.489803
            ],
            [
              25.456973,
              54.493578
            ],
            [
              25.454749,
              54.490809
            ],
            [
              25.453235,
              54.49184
            ],
            [
              25.456476,
              54.495493
            ],
            [
              25.45698,
              54.493584
            ],
            [
              25.462476,
              54.494722
            ],
            [
              25.465476,
              54.491934
            ],
            [
              25.465634,
              54.494239
            ],
            [
              25.460476,
              54.496456
            ],
            [
              25.458476,
              54.495518
            ],
            [
              25.455476,
              54.496669
            ],
            [
              25.450476,
              54.493749
            ],
            [
              25.448177,
              54.496081
            ],
            [
              25.452914,
              54.499519
            ],
            [
              25.448476,
              54.497776
            ],
            [
              25.443217,
              54.499081
            ],
            [
              25.447939,
              54.504544
            ],
            [
              25.441476,
              54.500828
            ],
            [
              25.435272,
              54.507081
            ],
            [
              25.443476,
              54.50731
            ],
            [
              25.456476,
              54.511371
            ],
            [
              25.457476,
              54.506435
            ],
            [
              25.4599,
              54.506658
            ],
            [
              25.459476,
              54.509413
            ],
            [
              25.465476,
              54.507474
            ],
            [
              25.468768,
              54.508373
            ],
            [
              25.469471,
              54.499076
            ],
            [
              25.470476,
              54.504659
            ],
            [
              25.477476,
              54.500047
            ],
            [
              25.477596,
              54.501081
            ],
            [
              25.473056,
              54.503661
            ],
            [
              25.473476,
              54.504691
            ],
            [
              25.483173,
              54.505081
            ],
            [
              25.472102,
              54.505707
            ],
            [
              25.470476,
              54.508526
            ],
            [
              25.477476,
              54.508644
            ],
            [
              25.479642,
              54.510247
            ],
            [
              25.474114,
              54.509718
            ],
            [
              25.475716,
              54.513321
            ],
            [
              25.471476,
              54.512538
            ],
            [
              25.468199,
              54.517358
            ],
            [
              25.469476,
              54.518519
            ],
            [
              25.484476,
              54.517844
            ],
            [
              25.485476,
              54.515492
            ],
            [
              25.489207,
              54.519081
            ],
            [
              25.484476,
              54.520584
            ],
            [
              25.482476,
              54.518392
            ],
            [
              25.476476,
              54.518539
            ],
            [
              25.478848,
              54.521081
            ],
            [
              25.476476,
              54.52599
            ],
            [
              25.470795,
              54.526081
            ],
            [
              25.472292,
              54.524081
            ],
            [
              25.470476,
              54.523136
            ],
            [
              25.462022,
              54.525627
            ],
            [
              25.461476,
              54.527272
            ],
            [
              25.461266,
              54.524871
            ],
            [
              25.464995,
              54.522081
            ],
            [
              25.463476,
              54.517714
            ],
            [
              25.4608,
              54.522405
            ],
            [
              25.45699,
              54.522081
            ],
            [
              25.458584,
              54.527189
            ],
            [
              25.455476,
              54.525442
            ],
            [
              25.454856,
              54.526701
            ],
            [
              25.456446,
              54.527081
            ],
            [
              25.453367,
              54.52819
            ],
            [
              25.453476,
              54.524513
            ],
            [
              25.450476,
              54.530108
            ],
            [
              25.449334,
              54.528081
            ],
            [
              25.451107,
              54.522711
            ],
            [
              25.453476,
              54.52365
            ],
            [
              25.45514,
              54.520744
            ],
            [
              25.457777,
              54.520381
            ],
            [
              25.458739,
              54.518818
            ],
            [
              25.454891,
              54.518081
            ],
            [
              25.458729,
              54.517333
            ],
            [
              25.459693,
              54.514865
            ],
            [
              25.457777,
              54.512781
            ],
            [
              25.446719,
              54.509838
            ],
            [
              25.442476,
              54.510837
            ],
            [
              25.437476,
              54.508871
            ],
            [
              25.432349,
              54.509953
            ],
            [
              25.439476,
              54.515302
            ],
            [
              25.444007,
              54.51555
            ],
            [
              25.445223,
              54.520081
            ],
            [
              25.442976,
              54.520581
            ],
            [
              25.441632,
              54.517925
            ],
            [
              25.432476,
              54.511891
            ],
            [
              25.429358,
              54.512963
            ],
            [
              25.42912,
              54.515725
            ],
            [
              25.427476,
              54.514909
            ],
            [
              25.426365,
              54.51597
            ],
            [
              25.42432,
              54.519237
            ],
            [
              25.432143,
              54.520414
            ],
            [
              25.433355,
              54.525202
            ],
            [
              25.438275,
              54.529081
            ],
            [
              25.436476,
              54.529883
            ],
            [
              25.43386,
              54.528697
            ],
            [
              25.430476,
              54.521916
            ],
            [
              25.428126,
              54.525731
            ],
            [
              25.425828,
              54.525729
            ],
            [
              25.42764,
              54.522081
            ],
            [
              25.425633,
              54.520924
            ],
            [
              25.419382,
              54.524987
            ],
            [
              25.419201,
              54.527806
            ],
            [
              25.417388,
              54.528169
            ],
            [
              25.419476,
              54.528216
            ],
            [
              25.420476,
              54.52722
            ],
            [
              25.421476,
              54.528218
            ],
            [
              25.424195,
              54.527362
            ],
            [
              25.425377,
              54.534181
            ],
            [
              25.428173,
              54.534384
            ],
            [
              25.427189,
              54.541794
            ],
            [
              25.421476,
              54.538948
            ],
            [
              25.416739,
              54.540818
            ],
            [
              25.414476,
              54.537957
            ],
            [
              25.414207,
              54.541812
            ],
            [
              25.411744,
              54.541813
            ],
            [
              25.411476,
              54.535961
            ],
            [
              25.4074,
              54.538005
            ],
            [
              25.40625,
              54.540855
            ],
            [
              25.403476,
              54.53997
            ],
            [
              25.398372,
              54.544081
            ],
            [
              25.402261,
              54.545297
            ],
            [
              25.404364,
              54.549193
            ],
            [
              25.407246,
              54.549311
            ],
            [
              25.410238,
              54.552319
            ],
            [
              25.410476,
              54.557192
            ],
            [
              25.415553,
              54.556158
            ],
            [
              25.417717,
              54.553322
            ],
            [
              25.431476,
              54.553212
            ],
            [
              25.436616,
              54.551081
            ],
            [
              25.433775,
              54.548782
            ],
            [
              25.434476,
              54.54723
            ],
            [
              25.444167,
              54.54839
            ],
            [
              25.444167,
              54.549772
            ],
            [
              25.438382,
              54.550175
            ],
            [
              25.445202,
              54.550355
            ],
            [
              25.445292,
              54.551896
            ],
            [
              25.438476,
              54.55194
            ],
            [
              25.433212,
              54.554817
            ],
            [
              25.426476,
              54.554956
            ],
            [
              25.424354,
              54.556081
            ],
            [
              25.425225,
              54.55783
            ],
            [
              25.419476,
              54.556963
            ],
            [
              25.413476,
              54.558969
            ],
            [
              25.420238,
              54.561319
            ],
            [
              25.418228,
              54.565833
            ],
            [
              25.417555,
              54.562002
            ],
            [
              25.408476,
              54.559973
            ],
            [
              25.410404,
              54.567153
            ],
            [
              25.418288,
              54.568269
            ],
            [
              25.418476,
              54.570174
            ],
            [
              25.426476,
              54.570179
            ],
            [
              25.430476,
              54.56619
            ],
            [
              25.440476,
              54.56919
            ],
            [
              25.44071,
              54.565314
            ],
            [
              25.443594,
              54.566198
            ],
            [
              25.445476,
              54.5642
            ],
            [
              25.446476,
              54.565199
            ],
            [
              25.44956,
              54.561165
            ],
            [
              25.450476,
              54.555136
            ],
            [
              25.451476,
              54.562208
            ],
            [
              25.458611,
              54.563216
            ],
            [
              25.466476,
              54.562226
            ],
            [
              25.467842,
              54.559716
            ],
            [
              25.461476,
              54.557295
            ],
            [
              25.462358,
              54.555963
            ],
            [
              25.468476,
              54.55861
            ],
            [
              25.470476,
              54.556542
            ],
            [
              25.473754,
              54.556359
            ],
            [
              25.475849,
              54.553708
            ],
            [
              25.457476,
              54.5524
            ],
            [
              25.454264,
              54.555294
            ],
            [
              25.451987,
              54.553081
            ],
            [
              25.454178,
              54.552783
            ],
            [
              25.454111,
              54.551447
            ],
            [
              25.451476,
              54.55171
            ],
            [
              25.451476,
              54.550281
            ],
            [
              25.456476,
              54.549818
            ],
            [
              25.461476,
              54.552663
            ],
            [
              25.475476,
              54.55246
            ],
            [
              25.476476,
              54.553448
            ],
            [
              25.479476,
              54.549476
            ],
            [
              25.480239,
              54.551318
            ],
            [
              25.486476,
              54.552377
            ],
            [
              25.490476,
              54.549364
            ],
            [
              25.493476,
              54.550339
            ],
            [
              25.496714,
              54.549081
            ],
            [
              25.496476,
              54.545819
            ],
            [
              25.486476,
              54.544763
            ],
            [
              25.480298,
              54.541259
            ],
            [
              25.476145,
              54.537081
            ],
            [
              25.476421,
              54.532026
            ],
            [
              25.479476,
              54.531672
            ],
            [
              25.480476,
              54.537631
            ],
            [
              25.490476,
              54.536491
            ],
            [
              25.502476,
              54.539381
            ],
            [
              25.505826,
              54.535732
            ],
            [
              25.502476,
              54.532671
            ],
            [
              25.495476,
              54.533537
            ],
            [
              25.492238,
              54.53232
            ],
            [
              25.495915,
              54.530642
            ],
            [
              25.497476,
              54.532588
            ],
            [
              25.497798,
              54.530759
            ],
            [
              25.489476,
              54.528383
            ],
            [
              25.489476,
              54.526805
            ],
            [
              25.503873,
              54.531685
            ],
            [
              25.506476,
              54.535424
            ],
            [
              25.519963,
              54.523568
            ],
            [
              25.51902,
              54.522081
            ],
            [
              25.522528,
              54.52103
            ],
            [
              25.524219,
              54.523081
            ],
            [
              25.520945,
              54.523549
            ],
            [
              25.509129,
              54.536081
            ],
            [
              25.516476,
              54.538514
            ],
            [
              25.521476,
              54.537609
            ],
            [
              25.522036,
              54.539522
            ],
            [
              25.525476,
              54.536574
            ],
            [
              25.527831,
              54.536726
            ],
            [
              25.527847,
              54.539452
            ],
            [
              25.525072,
              54.540081
            ],
            [
              25.527084,
              54.541081
            ],
            [
              25.52589,
              54.542494
            ],
            [
              25.515188,
              54.546081
            ],
            [
              25.515181,
              54.547376
            ],
            [
              25.518476,
              54.548406
            ],
            [
              25.521905,
              54.547652
            ],
            [
              25.521908,
              54.549512
            ],
            [
              25.517476,
              54.549762
            ],
            [
              25.512476,
              54.546804
            ],
            [
              25.507476,
              54.548831
            ],
            [
              25.501476,
              54.548853
            ],
            [
              25.501266,
              54.551081
            ],
            [
              25.502347,
              54.55421
            ],
            [
              25.505084,
              54.554473
            ],
            [
              25.503355,
              54.557202
            ],
            [
              25.508098,
              54.557459
            ],
            [
              25.508096,
              54.559701
            ],
            [
              25.505354,
              54.558959
            ],
            [
              25.505476,
              54.561247
            ],
            [
              25.510476,
              54.56026
            ],
            [
              25.510849,
              54.558454
            ],
            [
              25.515083,
              54.557474
            ],
            [
              25.515085,
              54.55969
            ],
            [
              25.512352,
              54.559957
            ],
            [
              25.512113,
              54.561717
            ],
            [
              25.507476,
              54.561908
            ],
            [
              25.506314,
              54.563243
            ],
            [
              25.5176,
              54.562204
            ],
            [
              25.520686,
              54.559081
            ],
            [
              25.520476,
              54.555305
            ],
            [
              25.522476,
              54.560282
            ],
            [
              25.535976,
              54.557581
            ],
            [
              25.532476,
              54.560847
            ],
            [
              25.522344,
              54.561949
            ],
            [
              25.523349,
              54.565209
            ],
            [
              25.526086,
              54.564472
            ],
            [
              25.524295,
              54.567081
            ],
            [
              25.525476,
              54.571256
            ],
            [
              25.534476,
              54.570441
            ],
            [
              25.535476,
              54.567452
            ],
            [
              25.540683,
              54.569288
            ],
            [
              25.54284,
              54.565081
            ],
            [
              25.538951,
              54.557081
            ],
            [
              25.542999,
              54.553081
            ],
            [
              25.539118,
              54.552081
            ],
            [
              25.543853,
              54.551458
            ],
            [
              25.54494,
              54.545081
            ],
            [
              25.545491,
              54.545081
            ],
            [
              25.545805,
              54.550081
            ],
            [
              25.544145,
              54.553412
            ],
            [
              25.554476,
              54.555442
            ],
            [
              25.558476,
              54.559383
            ],
            [
              25.562833,
              54.556081
            ],
            [
              25.560075,
              54.554482
            ],
            [
              25.560114,
              54.550719
            ],
            [
              25.569476,
              54.541814
            ],
            [
              25.5713,
              54.545081
            ],
            [
              25.56905,
              54.545655
            ],
            [
              25.567178,
              54.552379
            ],
            [
              25.570818,
              54.552423
            ],
            [
              25.570476,
              54.549697
            ],
            [
              25.58103,
              54.551081
            ],
            [
              25.578476,
              54.563359
            ],
            [
              25.60387,
              54.555475
            ],
            [
              25.602178,
              54.554081
            ],
            [
              25.603554,
              54.550003
            ],
            [
              25.605476,
              54.554706
            ],
            [
              25.613254,
              54.552081
            ],
            [
              25.612521,
              54.553125
            ],
            [
              25.610816,
              54.553421
            ],
            [
              25.610476,
              54.554273
            ],
            [
              25.605071,
              54.555676
            ],
            [
              25.605787,
              54.558392
            ],
            [
              25.601476,
              54.556555
            ],
            [
              25.589125,
              54.561081
            ],
            [
              25.589117,
              54.56244
            ],
            [
              25.599476,
              54.566594
            ],
            [
              25.6078,
              54.565404
            ],
            [
              25.607103,
              54.560707
            ],
            [
              25.609274,
              54.559284
            ],
            [
              25.602646,
              54.560081
            ],
            [
              25.606175,
              54.558779
            ],
            [
              25.609342,
              54.558946
            ],
            [
              25.609476,
              54.55804
            ],
            [
              25.613676,
              54.559081
            ],
            [
              25.610697,
              54.560081
            ],
            [
              25.611476,
              54.561719
            ],
            [
              25.613665,
              54.560892
            ],
            [
              25.613675,
              54.56228
            ],
            [
              25.609476,
              54.562496
            ],
            [
              25.608972,
              54.564081
            ],
            [
              25.611209,
              54.568348
            ],
            [
              25.614066,
              54.569492
            ],
            [
              25.619476,
              54.569821
            ],
            [
              25.629476,
              54.5667
            ],
            [
              25.633476,
              54.567742
            ],
            [
              25.634476,
              54.566794
            ],
            [
              25.6382,
              54.566805
            ],
            [
              25.638476,
              54.56577
            ],
            [
              25.64037,
              54.566081
            ],
            [
              25.638698,
              54.566303
            ],
            [
              25.638566,
              54.567171
            ],
            [
              25.636476,
              54.568247
            ],
            [
              25.635476,
              54.567339
            ],
            [
              25.630098,
              54.569702
            ],
            [
              25.634476,
              54.57622
            ],
            [
              25.633476,
              54.576144
            ],
            [
              25.632376,
              54.575181
            ],
            [
              25.628476,
              54.570538
            ],
            [
              25.627476,
              54.574409
            ],
            [
              25.626841,
              54.571717
            ],
            [
              25.623476,
              54.572619
            ],
            [
              25.621476,
              54.571657
            ],
            [
              25.611151,
              54.575081
            ],
            [
              25.611269,
              54.582288
            ],
            [
              25.624476,
              54.585517
            ],
            [
              25.627217,
              54.579821
            ],
            [
              25.633663,
              54.577894
            ],
            [
              25.632476,
              54.580316
            ],
            [
              25.628076,
              54.580681
            ],
            [
              25.626019,
              54.585081
            ],
            [
              25.631916,
              54.587521
            ],
            [
              25.615476,
              54.584737
            ],
            [
              25.612476,
              54.586704
            ],
            [
              25.608476,
              54.585734
            ],
            [
              25.604476,
              54.586722
            ],
            [
              25.595476,
              54.590577
            ],
            [
              25.587476,
              54.589807
            ],
            [
              25.577328,
              54.592932
            ],
            [
              25.578329,
              54.595229
            ],
            [
              25.581476,
              54.596316
            ],
            [
              25.582476,
              54.595323
            ],
            [
              25.585659,
              54.596264
            ],
            [
              25.586476,
              54.594378
            ],
            [
              25.587293,
              54.597265
            ],
            [
              25.591476,
              54.598373
            ],
            [
              25.599476,
              54.597437
            ],
            [
              25.604476,
              54.601501
            ],
            [
              25.607236,
              54.597841
            ],
            [
              25.609476,
              54.597784
            ],
            [
              25.612476,
              54.595955
            ],
            [
              25.614476,
              54.595921
            ],
            [
              25.614476,
              54.596085
            ],
            [
              25.612735,
              54.596339
            ],
            [
              25.610476,
              54.59835
            ],
            [
              25.608047,
              54.598652
            ],
            [
              25.605965,
              54.601081
            ],
            [
              25.610748,
              54.602809
            ],
            [
              25.611476,
              54.604652
            ],
            [
              25.606476,
              54.602584
            ],
            [
              25.597476,
              54.602698
            ],
            [
              25.594146,
              54.605081
            ],
            [
              25.595901,
              54.607506
            ],
            [
              25.592157,
              54.610081
            ],
            [
              25.593476,
              54.611427
            ],
            [
              25.597476,
              54.610462
            ],
            [
              25.601476,
              54.611617
            ],
            [
              25.604905,
              54.610509
            ],
            [
              25.607388,
              54.606993
            ],
            [
              25.609975,
              54.607081
            ],
            [
              25.607754,
              54.607359
            ],
            [
              25.606676,
              54.610281
            ],
            [
              25.603127,
              54.61243
            ],
            [
              25.615476,
              54.612963
            ],
            [
              25.615524,
              54.614129
            ],
            [
              25.602476,
              54.613581
            ],
            [
              25.599047,
              54.616081
            ],
            [
              25.605843,
              54.621448
            ],
            [
              25.59822,
              54.620337
            ],
            [
              25.60099,
              54.619081
            ],
            [
              25.597476,
              54.616658
            ],
            [
              25.591476,
              54.622443
            ],
            [
              25.582618,
              54.621081
            ],
            [
              25.588476,
              54.620808
            ],
            [
              25.590476,
              54.621742
            ],
            [
              25.594919,
              54.616081
            ],
            [
              25.586476,
              54.615477
            ],
            [
              25.584476,
              54.619192
            ],
            [
              25.583919,
              54.614639
            ],
            [
              25.580476,
              54.614288
            ],
            [
              25.577967,
              54.620572
            ],
            [
              25.572476,
              54.620588
            ],
            [
              25.570018,
              54.618623
            ],
            [
              25.576476,
              54.619515
            ],
            [
              25.577819,
              54.615081
            ],
            [
              25.570476,
              54.61379
            ],
            [
              25.568476,
              54.610804
            ],
            [
              25.564147,
              54.61341
            ],
            [
              25.569929,
              54.618534
            ],
            [
              25.564131,
              54.619426
            ],
            [
              25.563144,
              54.617749
            ],
            [
              25.565846,
              54.616081
            ],
            [
              25.563806,
              54.613752
            ],
            [
              25.561298,
              54.613902
            ],
            [
              25.560938,
              54.618543
            ],
            [
              25.555059,
              54.625081
            ],
            [
              25.556161,
              54.630081
            ],
            [
              25.553276,
              54.631881
            ],
            [
              25.553476,
              54.633755
            ],
            [
              25.550024,
              54.632534
            ],
            [
              25.551671,
              54.630887
            ],
            [
              25.545476,
              54.628827
            ],
            [
              25.541243,
              54.629848
            ],
            [
              25.530476,
              54.628883
            ],
            [
              25.525294,
              54.631081
            ],
            [
              25.534476,
              54.635299
            ],
            [
              25.550476,
              54.639509
            ],
            [
              25.566739,
              54.638081
            ],
            [
              25.566476,
              54.64131
            ],
            [
              25.564476,
              54.639329
            ],
            [
              25.557476,
              54.640552
            ],
            [
              25.547476,
              54.63969
            ],
            [
              25.541476,
              54.64276
            ],
            [
              25.544476,
              54.649263
            ],
            [
              25.548608,
              54.648212
            ],
            [
              25.549476,
              54.644295
            ],
            [
              25.551344,
              54.649213
            ],
            [
              25.555047,
              54.647511
            ],
            [
              25.555064,
              54.650668
            ],
            [
              25.548476,
              54.65089
            ],
            [
              25.550476,
              54.652265
            ],
            [
              25.558476,
              54.651285
            ],
            [
              25.559476,
              54.6493
            ],
            [
              25.560476,
              54.651291
            ],
            [
              25.561476,
              54.650298
            ],
            [
              25.563476,
              54.6513
            ],
            [
              25.561966,
              54.648571
            ],
            [
              25.568476,
              54.646406
            ],
            [
              25.577476,
              54.650353
            ],
            [
              25.578024,
              54.646628
            ],
            [
              25.585088,
              54.644081
            ],
            [
              25.582113,
              54.641444
            ],
            [
              25.578514,
              54.641081
            ],
            [
              25.582642,
              54.640915
            ],
            [
              25.583476,
              54.64182
            ],
            [
              25.583476,
              54.638892
            ],
            [
              25.584592,
              54.640081
            ],
            [
              25.585015,
              54.642543
            ],
            [
              25.587087,
              54.644471
            ],
            [
              25.594476,
              54.64652
            ],
            [
              25.593885,
              54.643672
            ],
            [
              25.588371,
              54.642187
            ],
            [
              25.588476,
              54.63901
            ],
            [
              25.589514,
              54.639043
            ],
            [
              25.593476,
              54.642708
            ],
            [
              25.597173,
              54.641081
            ],
            [
              25.596476,
              54.637065
            ],
            [
              25.597671,
              54.639081
            ],
            [
              25.597476,
              54.64367
            ],
            [
              25.605204,
              54.642808
            ],
            [
              25.605405,
              54.64201
            ],
            [
              25.606316,
              54.641921
            ],
            [
              25.606486,
              54.641071
            ],
            [
              25.607631,
              54.642081
            ],
            [
              25.605691,
              54.642295
            ],
            [
              25.605562,
              54.643167
            ],
            [
              25.603476,
              54.644288
            ],
            [
              25.601016,
              54.644621
            ],
            [
              25.600167,
              54.64839
            ],
            [
              25.604842,
              54.648447
            ],
            [
              25.606476,
              54.644804
            ],
            [
              25.606476,
              54.648644
            ],
            [
              25.609922,
              54.648526
            ],
            [
              25.610476,
              54.646684
            ],
            [
              25.611476,
              54.648773
            ],
            [
              25.615476,
              54.6474
            ],
            [
              25.618374,
              54.649081
            ],
            [
              25.615476,
              54.650164
            ],
            [
              25.606476,
              54.649518
            ],
            [
              25.605476,
              54.651295
            ],
            [
              25.603476,
              54.649568
            ],
            [
              25.596202,
              54.649806
            ],
            [
              25.598476,
              54.657622
            ],
            [
              25.607476,
              54.657876
            ],
            [
              25.609476,
              54.655859
            ],
            [
              25.609531,
              54.657136
            ],
            [
              25.608588,
              54.658193
            ],
            [
              25.606413,
              54.659144
            ],
            [
              25.599476,
              54.658514
            ],
            [
              25.600016,
              54.661541
            ],
            [
              25.603556,
              54.662161
            ],
            [
              25.5967,
              54.664081
            ],
            [
              25.599089,
              54.662694
            ],
            [
              25.597837,
              54.65872
            ],
            [
              25.594159,
              54.658763
            ],
            [
              25.593476,
              54.66252
            ],
            [
              25.592801,
              54.659756
            ],
            [
              25.588476,
              54.657683
            ],
            [
              25.587476,
              54.663575
            ],
            [
              25.584725,
              54.657833
            ],
            [
              25.583476,
              54.65871
            ],
            [
              25.582476,
              54.656736
            ],
            [
              25.577476,
              54.656768
            ],
            [
              25.573476,
              54.653787
            ],
            [
              25.569259,
              54.654864
            ],
            [
              25.571051,
              54.656081
            ],
            [
              25.569476,
              54.657641
            ],
            [
              25.564064,
              54.657081
            ],
            [
              25.564884,
              54.663081
            ],
            [
              25.566831,
              54.664081
            ],
            [
              25.564476,
              54.669054
            ],
            [
              25.564316,
              54.667081
            ],
            [
              25.565229,
              54.666081
            ],
            [
              25.564904,
              54.664653
            ],
            [
              25.560102,
              54.663081
            ],
            [
              25.562999,
              54.662081
            ],
            [
              25.560963,
              54.661081
            ],
            [
              25.561735,
              54.656823
            ],
            [
              25.546476,
              54.657451
            ],
            [
              25.54399,
              54.658595
            ],
            [
              25.541504,
              54.661109
            ],
            [
              25.540952,
              54.661081
            ],
            [
              25.541392,
              54.660997
            ],
            [
              25.541401,
              54.660005
            ],
            [
              25.543303,
              54.657907
            ],
            [
              25.551476,
              54.656606
            ],
            [
              25.552476,
              54.654635
            ],
            [
              25.553476,
              54.656567
            ],
            [
              25.554476,
              54.655572
            ],
            [
              25.559476,
              54.656494
            ],
            [
              25.562476,
              54.654473
            ],
            [
              25.564476,
              54.655443
            ],
            [
              25.573476,
              54.651827
            ],
            [
              25.539476,
              54.654918
            ],
            [
              25.514476,
              54.654952
            ],
            [
              25.510476,
              54.659228
            ],
            [
              25.520476,
              54.657245
            ],
            [
              25.531476,
              54.657266
            ],
            [
              25.532106,
              54.658711
            ],
            [
              25.519368,
              54.659973
            ],
            [
              25.522978,
              54.665583
            ],
            [
              25.517476,
              54.666857
            ],
            [
              25.512476,
              54.664876
            ],
            [
              25.50814,
              54.673745
            ],
            [
              25.503476,
              54.672922
            ],
            [
              25.502312,
              54.674081
            ],
            [
              25.50413,
              54.674427
            ],
            [
              25.502306,
              54.676081
            ],
            [
              25.504476,
              54.677265
            ],
            [
              25.514923,
              54.671528
            ],
            [
              25.516629,
              54.672234
            ],
            [
              25.520118,
              54.668723
            ],
            [
              25.531476,
              54.662916
            ],
            [
              25.534492,
              54.662081
            ],
            [
              25.533529,
              54.663134
            ],
            [
              25.531814,
              54.663419
            ],
            [
              25.52969,
              54.666295
            ],
            [
              25.527079,
              54.666683
            ],
            [
              25.526757,
              54.668362
            ],
            [
              25.521169,
              54.669774
            ],
            [
              25.523021,
              54.671081
            ],
            [
              25.520088,
              54.672081
            ],
            [
              25.527476,
              54.671433
            ],
            [
              25.529476,
              54.674385
            ],
            [
              25.534476,
              54.674358
            ],
            [
              25.534027,
              54.669632
            ],
            [
              25.539476,
              54.670417
            ],
            [
              25.540908,
              54.673513
            ],
            [
              25.537175,
              54.672081
            ],
            [
              25.539283,
              54.676274
            ],
            [
              25.544476,
              54.673418
            ],
            [
              25.549114,
              54.676081
            ],
            [
              25.548476,
              54.678738
            ],
            [
              25.543272,
              54.678877
            ],
            [
              25.547143,
              54.681081
            ],
            [
              25.543476,
              54.681762
            ],
            [
              25.543476,
              54.683323
            ],
            [
              25.569476,
              54.684502
            ],
            [
              25.570476,
              54.685517
            ],
            [
              25.585476,
              54.68583
            ],
            [
              25.590582,
              54.687081
            ],
            [
              25.585476,
              54.687316
            ],
            [
              25.584476,
              54.686361
            ],
            [
              25.569476,
              54.686651
            ],
            [
              25.550476,
              54.684802
            ],
            [
              25.548247,
              54.699081
            ],
            [
              25.551343,
              54.702214
            ],
            [
              25.558626,
              54.70023
            ],
            [
              25.557715,
              54.698081
            ],
            [
              25.559632,
              54.698237
            ],
            [
              25.562476,
              54.69137
            ],
            [
              25.560476,
              54.701305
            ],
            [
              25.575476,
              54.700367
            ],
            [
              25.576476,
              54.696416
            ],
            [
              25.577476,
              54.700379
            ],
            [
              25.589476,
              54.700469
            ],
            [
              25.5933,
              54.703081
            ],
            [
              25.590684,
              54.703873
            ],
            [
              25.588476,
              54.701702
            ],
            [
              25.576784,
              54.702081
            ],
            [
              25.577476,
              54.706587
            ],
            [
              25.582476,
              54.705697
            ],
            [
              25.584476,
              54.703823
            ],
            [
              25.590001,
              54.704081
            ],
            [
              25.585476,
              54.704323
            ],
            [
              25.583476,
              54.706432
            ],
            [
              25.579116,
              54.706721
            ],
            [
              25.577015,
              54.709081
            ],
            [
              25.579243,
              54.714315
            ],
            [
              25.585476,
              54.713493
            ],
            [
              25.592476,
              54.715589
            ],
            [
              25.595476,
              54.713683
            ],
            [
              25.598476,
              54.712927
            ],
            [
              25.601652,
              54.713081
            ],
            [
              25.598784,
              54.713388
            ],
            [
              25.599476,
              54.715856
            ],
            [
              25.601476,
              54.714509
            ],
            [
              25.602839,
              54.716718
            ],
            [
              25.606196,
              54.716081
            ],
            [
              25.606498,
              54.717059
            ],
            [
              25.606328,
              54.718081
            ],
            [
              25.594476,
              54.717476
            ],
            [
              25.593476,
              54.718421
            ],
            [
              25.590961,
              54.715597
            ],
            [
              25.583476,
              54.714692
            ],
            [
              25.582873,
              54.716478
            ],
            [
              25.580104,
              54.716708
            ],
            [
              25.576476,
              54.715749
            ],
            [
              25.573222,
              54.719335
            ],
            [
              25.578476,
              54.719532
            ],
            [
              25.580823,
              54.721428
            ],
            [
              25.573215,
              54.720819
            ],
            [
              25.571988,
              54.72357
            ],
            [
              25.578645,
              54.72325
            ],
            [
              25.573107,
              54.724712
            ],
            [
              25.573476,
              54.726668
            ],
            [
              25.576798,
              54.726081
            ],
            [
              25.571476,
              54.73036
            ],
            [
              25.571845,
              54.726712
            ],
            [
              25.569117,
              54.726722
            ],
            [
              25.567149,
              54.733409
            ],
            [
              25.56706,
              54.727081
            ],
            [
              25.564119,
              54.726081
            ],
            [
              25.56898,
              54.725081
            ],
            [
              25.563109,
              54.723081
            ],
            [
              25.569476,
              54.723576
            ],
            [
              25.570742,
              54.720815
            ],
            [
              25.556476,
              54.718782
            ],
            [
              25.556476,
              54.71738
            ],
            [
              25.560657,
              54.717261
            ],
            [
              25.560476,
              54.715834
            ],
            [
              25.550335,
              54.716939
            ],
            [
              25.551234,
              54.719323
            ],
            [
              25.554224,
              54.720081
            ],
            [
              25.549242,
              54.720081
            ],
            [
              25.550256,
              54.730301
            ],
            [
              25.556158,
              54.735399
            ],
            [
              25.561476,
              54.735596
            ],
            [
              25.563922,
              54.737081
            ],
            [
              25.557476,
              54.736631
            ],
            [
              25.559476,
              54.740456
            ],
            [
              25.553476,
              54.739602
            ],
            [
              25.54821,
              54.741814
            ],
            [
              25.556717,
              54.751322
            ],
            [
              25.548476,
              54.747379
            ],
            [
              25.543476,
              54.74747
            ],
            [
              25.542221,
              54.741826
            ],
            [
              25.539699,
              54.753081
            ],
            [
              25.538476,
              54.754157
            ],
            [
              25.538202,
              54.753081
            ],
            [
              25.53924,
              54.752081
            ],
            [
              25.539032,
              54.747081
            ],
            [
              25.539808,
              54.745749
            ],
            [
              25.534067,
              54.744672
            ],
            [
              25.537476,
              54.749393
            ],
            [
              25.536427,
              54.74913
            ],
            [
              25.534476,
              54.746397
            ],
            [
              25.534476,
              54.749619
            ],
            [
              25.532476,
              54.750264
            ],
            [
              25.532297,
              54.748081
            ],
            [
              25.533111,
              54.745081
            ],
            [
              25.530158,
              54.744081
            ],
            [
              25.532869,
              54.743473
            ],
            [
              25.5338,
              54.740757
            ],
            [
              25.528194,
              54.740799
            ],
            [
              25.529761,
              54.743366
            ],
            [
              25.518362,
              54.742081
            ],
            [
              25.517698,
              54.741081
            ],
            [
              25.526817,
              54.740421
            ],
            [
              25.524476,
              54.734739
            ],
            [
              25.507476,
              54.73353
            ],
            [
              25.505073,
              54.732081
            ],
            [
              25.533476,
              54.733367
            ],
            [
              25.530614,
              54.724943
            ],
            [
              25.524476,
              54.721897
            ],
            [
              25.522282,
              54.723081
            ],
            [
              25.52308,
              54.724684
            ],
            [
              25.517476,
              54.726864
            ],
            [
              25.51691,
              54.725514
            ],
            [
              25.520476,
              54.722885
            ],
            [
              25.515476,
              54.72287
            ],
            [
              25.516059,
              54.725664
            ],
            [
              25.513476,
              54.72588
            ],
            [
              25.509476,
              54.722895
            ],
            [
              25.502476,
              54.721875
            ],
            [
              25.499476,
              54.719904
            ],
            [
              25.496264,
              54.731081
            ],
            [
              25.503987,
              54.73157
            ],
            [
              25.503301,
              54.736256
            ],
            [
              25.50512,
              54.736437
            ],
            [
              25.507341,
              54.740081
            ],
            [
              25.501476,
              54.74189
            ],
            [
              25.501335,
              54.743081
            ],
            [
              25.507177,
              54.745381
            ],
            [
              25.508367,
              54.75019
            ],
            [
              25.512979,
              54.753578
            ],
            [
              25.512476,
              54.760872
            ],
            [
              25.505908,
              54.75965
            ],
            [
              25.506476,
              54.758297
            ],
            [
              25.512606,
              54.75721
            ],
            [
              25.510659,
              54.752899
            ],
            [
              25.505803,
              54.751754
            ],
            [
              25.506578,
              54.747979
            ],
            [
              25.498476,
              54.743944
            ],
            [
              25.479476,
              54.742964
            ],
            [
              25.4724,
              54.746005
            ],
            [
              25.473358,
              54.748199
            ],
            [
              25.477476,
              54.749204
            ],
            [
              25.483476,
              54.748312
            ],
            [
              25.486476,
              54.749325
            ],
            [
              25.494176,
              54.755381
            ],
            [
              25.498138,
              54.756081
            ],
            [
              25.494476,
              54.757765
            ],
            [
              25.493776,
              54.755781
            ],
            [
              25.481476,
              54.749856
            ],
            [
              25.482083,
              54.753688
            ],
            [
              25.47935,
              54.753955
            ],
            [
              25.47631,
              54.759247
            ],
            [
              25.478476,
              54.758251
            ],
            [
              25.480476,
              54.759253
            ],
            [
              25.49505,
              54.758507
            ],
            [
              25.49505,
              54.759655
            ],
            [
              25.490476,
              54.76088
            ],
            [
              25.485353,
              54.760958
            ],
            [
              25.495079,
              54.761478
            ],
            [
              25.494476,
              54.762883
            ],
            [
              25.487356,
              54.762961
            ],
            [
              25.491283,
              54.764081
            ],
            [
              25.487354,
              54.764959
            ],
            [
              25.488294,
              54.766264
            ],
            [
              25.496476,
              54.769388
            ],
            [
              25.498476,
              54.76643
            ],
            [
              25.498291,
              54.772266
            ],
            [
              25.503974,
              54.773583
            ],
            [
              25.505476,
              54.776316
            ],
            [
              25.507984,
              54.775574
            ],
            [
              25.508476,
              54.777329
            ],
            [
              25.512476,
              54.776358
            ],
            [
              25.513476,
              54.778364
            ],
            [
              25.514476,
              54.776389
            ],
            [
              25.516936,
              54.777622
            ],
            [
              25.517203,
              54.783081
            ],
            [
              25.514219,
              54.784081
            ],
            [
              25.515955,
              54.78856
            ],
            [
              25.513995,
              54.788562
            ],
            [
              25.513476,
              54.786822
            ],
            [
              25.510247,
              54.788311
            ],
            [
              25.522113,
              54.807081
            ],
            [
              25.519476,
              54.809674
            ],
            [
              25.515282,
              54.809276
            ],
            [
              25.512476,
              54.807319
            ],
            [
              25.511476,
              54.812597
            ],
            [
              25.509736,
              54.807822
            ],
            [
              25.506214,
              54.808818
            ],
            [
              25.502852,
              54.816081
            ],
            [
              25.504476,
              54.817853
            ],
            [
              25.507476,
              54.81799
            ],
            [
              25.508925,
              54.819081
            ],
            [
              25.507461,
              54.819096
            ],
            [
              25.507299,
              54.818259
            ],
            [
              25.501655,
              54.81826
            ],
            [
              25.498476,
              54.820115
            ],
            [
              25.501959,
              54.817563
            ],
            [
              25.503042,
              54.814081
            ],
            [
              25.500476,
              54.811596
            ],
            [
              25.498183,
              54.813374
            ],
            [
              25.497997,
              54.811081
            ],
            [
              25.503476,
              54.808703
            ],
            [
              25.49514,
              54.810745
            ],
            [
              25.496526,
              54.813131
            ],
            [
              25.490476,
              54.813442
            ],
            [
              25.486381,
              54.817177
            ],
            [
              25.488476,
              54.812418
            ],
            [
              25.485712,
              54.813081
            ],
            [
              25.485476,
              54.81584
            ],
            [
              25.485058,
              54.8135
            ],
            [
              25.480751,
              54.813081
            ],
            [
              25.483674,
              54.811884
            ],
            [
              25.466795,
              54.806762
            ],
            [
              25.464476,
              54.803931
            ],
            [
              25.458476,
              54.80294
            ],
            [
              25.458375,
              54.806182
            ],
            [
              25.46513,
              54.812427
            ],
            [
              25.464476,
              54.815932
            ],
            [
              25.45678,
              54.807777
            ],
            [
              25.456574,
              54.804984
            ],
            [
              25.453774,
              54.803783
            ],
            [
              25.453774,
              54.802379
            ],
            [
              25.456616,
              54.802081
            ],
            [
              25.455563,
              54.797994
            ],
            [
              25.447476,
              54.797945
            ],
            [
              25.442385,
              54.79999
            ],
            [
              25.444218,
              54.80034
            ],
            [
              25.444345,
              54.802949
            ],
            [
              25.442352,
              54.809205
            ],
            [
              25.453135,
              54.810423
            ],
            [
              25.453347,
              54.81421
            ],
            [
              25.45709,
              54.815467
            ],
            [
              25.458097,
              54.817701
            ],
            [
              25.454356,
              54.818961
            ],
            [
              25.454476,
              54.821898
            ],
            [
              25.444476,
              54.818919
            ],
            [
              25.433331,
              54.819081
            ],
            [
              25.447336,
              54.828221
            ],
            [
              25.451476,
              54.827274
            ],
            [
              25.453476,
              54.829281
            ],
            [
              25.459476,
              54.827567
            ],
            [
              25.460476,
              54.828882
            ],
            [
              25.466899,
              54.828504
            ],
            [
              25.467066,
              54.825491
            ],
            [
              25.463103,
              54.825081
            ],
            [
              25.466135,
              54.82474
            ],
            [
              25.466476,
              54.822512
            ],
            [
              25.466831,
              54.824726
            ],
            [
              25.470766,
              54.825081
            ],
            [
              25.467856,
              54.82546
            ],
            [
              25.469476,
              54.82866
            ],
            [
              25.477476,
              54.824903
            ],
            [
              25.478294,
              54.826081
            ],
            [
              25.475826,
              54.826431
            ],
            [
              25.472952,
              54.830081
            ],
            [
              25.474476,
              54.83448
            ],
            [
              25.477476,
              54.834427
            ],
            [
              25.477092,
              54.832697
            ],
            [
              25.481476,
              54.831541
            ],
            [
              25.487476,
              54.833582
            ],
            [
              25.491119,
              54.830081
            ],
            [
              25.490206,
              54.828811
            ],
            [
              25.492476,
              54.829742
            ],
            [
              25.495476,
              54.827686
            ],
            [
              25.498761,
              54.827796
            ],
            [
              25.493033,
              54.830638
            ],
            [
              25.495084,
              54.833474
            ],
            [
              25.498476,
              54.833737
            ],
            [
              25.499235,
              54.832322
            ],
            [
              25.497476,
              54.832081
            ],
            [
              25.499476,
              54.831982
            ],
            [
              25.501476,
              54.833833
            ],
            [
              25.506232,
              54.833081
            ],
            [
              25.505476,
              54.834128
            ],
            [
              25.500476,
              54.834357
            ],
            [
              25.499476,
              54.835838
            ],
            [
              25.495476,
              54.8345
            ],
            [
              25.488476,
              54.837636
            ],
            [
              25.485476,
              54.837551
            ],
            [
              25.484476,
              54.835666
            ],
            [
              25.481476,
              54.837647
            ],
            [
              25.480736,
              54.835821
            ],
            [
              25.478476,
              54.835728
            ],
            [
              25.478055,
              54.838502
            ],
            [
              25.479476,
              54.839594
            ],
            [
              25.482752,
              54.838806
            ],
            [
              25.482476,
              54.841527
            ],
            [
              25.490476,
              54.840623
            ],
            [
              25.493476,
              54.841659
            ],
            [
              25.497959,
              54.840563
            ],
            [
              25.499476,
              54.837112
            ],
            [
              25.499876,
              54.839681
            ],
            [
              25.501476,
              54.838966
            ],
            [
              25.50374,
              54.839081
            ],
            [
              25.5017,
              54.839305
            ],
            [
              25.501476,
              54.8406
            ],
            [
              25.498847,
              54.841452
            ],
            [
              25.498986,
              54.844571
            ],
            [
              25.504423,
              54.845081
            ],
            [
              25.498974,
              54.845579
            ],
            [
              25.49935,
              54.848081
            ],
            [
              25.497476,
              54.848582
            ],
            [
              25.49696,
              54.846598
            ],
            [
              25.493476,
              54.845494
            ],
            [
              25.482207,
              54.846812
            ],
            [
              25.489975,
              54.851081
            ],
            [
              25.485967,
              54.851081
            ],
            [
              25.488955,
              54.855602
            ],
            [
              25.4915,
              54.856081
            ],
            [
              25.489725,
              54.85633
            ],
            [
              25.489476,
              54.859309
            ],
            [
              25.487161,
              54.856396
            ],
            [
              25.484217,
              54.856081
            ],
            [
              25.487064,
              54.855669
            ],
            [
              25.487099,
              54.854081
            ],
            [
              25.484807,
              54.85075
            ],
            [
              25.480185,
              54.850372
            ],
            [
              25.482926,
              54.849081
            ],
            [
              25.479476,
              54.846698
            ],
            [
              25.476196,
              54.8478
            ],
            [
              25.478908,
              54.850081
            ],
            [
              25.477119,
              54.849724
            ],
            [
              25.475934,
              54.853081
            ],
            [
              25.478643,
              54.854914
            ],
            [
              25.479496,
              54.857062
            ],
            [
              25.480514,
              54.857118
            ],
            [
              25.479468,
              54.857089
            ],
            [
              25.47812,
              54.855437
            ],
            [
              25.476476,
              54.855316
            ],
            [
              25.475476,
              54.857385
            ],
            [
              25.462476,
              54.849564
            ],
            [
              25.464801,
              54.851757
            ],
            [
              25.463858,
              54.8547
            ],
            [
              25.465476,
              54.85403
            ],
            [
              25.465574,
              54.855081
            ],
            [
              25.46284,
              54.856445
            ],
            [
              25.462476,
              54.858662
            ],
            [
              25.461476,
              54.857178
            ],
            [
              25.458682,
              54.857286
            ],
            [
              25.458476,
              54.858408
            ],
            [
              25.456352,
              54.856206
            ],
            [
              25.454476,
              54.857095
            ],
            [
              25.450469,
              54.856074
            ],
            [
              25.454944,
              54.852549
            ],
            [
              25.456476,
              54.847649
            ],
            [
              25.448476,
              54.85339
            ],
            [
              25.444822,
              54.853427
            ],
            [
              25.443476,
              54.85481
            ],
            [
              25.441471,
              54.854087
            ],
            [
              25.444186,
              54.853791
            ],
            [
              25.444476,
              54.851971
            ],
            [
              25.447476,
              54.852785
            ],
            [
              25.449884,
              54.851489
            ],
            [
              25.451167,
              54.847771
            ],
            [
              25.456761,
              54.846366
            ],
            [
              25.456749,
              54.844808
            ],
            [
              25.448111,
              54.844715
            ],
            [
              25.44543,
              54.851127
            ],
            [
              25.44532,
              54.849081
            ],
            [
              25.445942,
              54.847616
            ],
            [
              25.439469,
              54.847088
            ],
            [
              25.445476,
              54.846792
            ],
            [
              25.445864,
              54.844693
            ],
            [
              25.439476,
              54.844327
            ],
            [
              25.43835,
              54.842081
            ],
            [
              25.438643,
              54.841915
            ],
            [
              25.438812,
              54.842745
            ],
            [
              25.441476,
              54.843777
            ],
            [
              25.449476,
              54.84359
            ],
            [
              25.451804,
              54.842409
            ],
            [
              25.451162,
              54.840767
            ],
            [
              25.454476,
              54.841545
            ],
            [
              25.455476,
              54.840571
            ],
            [
              25.459476,
              54.842524
            ],
            [
              25.463642,
              54.837915
            ],
            [
              25.460476,
              54.836698
            ],
            [
              25.457476,
              54.837836
            ],
            [
              25.456476,
              54.836839
            ],
            [
              25.453476,
              54.838822
            ],
            [
              25.440476,
              54.83775
            ],
            [
              25.439122,
              54.841435
            ],
            [
              25.438476,
              54.837587
            ],
            [
              25.428296,
              54.837261
            ],
            [
              25.439719,
              54.836323
            ],
            [
              25.439723,
              54.832835
            ],
            [
              25.433476,
              54.832652
            ],
            [
              25.425476,
              54.83452
            ],
            [
              25.425476,
              54.835933
            ],
            [
              25.427706,
              54.836311
            ],
            [
              25.421331,
              54.836936
            ],
            [
              25.420476,
              54.841643
            ],
            [
              25.419476,
              54.837858
            ],
            [
              25.414476,
              54.841825
            ],
            [
              25.402157,
              54.843762
            ],
            [
              25.40215,
              54.849408
            ],
            [
              25.406843,
              54.847081
            ],
            [
              25.402904,
              54.853081
            ],
            [
              25.407625,
              54.854229
            ],
            [
              25.403107,
              54.854711
            ],
            [
              25.402544,
              54.860149
            ],
            [
              25.401476,
              54.854555
            ],
            [
              25.397894,
              54.859081
            ],
            [
              25.393476,
              54.859544
            ],
            [
              25.393764,
              54.855794
            ],
            [
              25.389476,
              54.8557
            ],
            [
              25.379476,
              54.850787
            ],
            [
              25.378476,
              54.851757
            ],
            [
              25.37576,
              54.849081
            ],
            [
              25.377716,
              54.844081
            ],
            [
              25.375717,
              54.843081
            ],
            [
              25.378699,
              54.841081
            ],
            [
              25.37668,
              54.837081
            ],
            [
              25.380596,
              54.831962
            ],
            [
              25.372869,
              54.830688
            ],
            [
              25.3716,
              54.827957
            ],
            [
              25.364476,
              54.824876
            ],
            [
              25.364375,
              54.826182
            ],
            [
              25.366168,
              54.826389
            ],
            [
              25.366372,
              54.829185
            ],
            [
              25.367476,
              54.828242
            ],
            [
              25.371142,
              54.829415
            ],
            [
              25.371141,
              54.831746
            ],
            [
              25.368367,
              54.832191
            ],
            [
              25.37066,
              54.833265
            ],
            [
              25.373089,
              54.832468
            ],
            [
              25.375092,
              54.835466
            ],
            [
              25.374097,
              54.838702
            ],
            [
              25.371285,
              54.840081
            ],
            [
              25.37327,
              54.841081
            ],
            [
              25.374232,
              54.850081
            ],
            [
              25.372694,
              54.845863
            ],
            [
              25.369612,
              54.842945
            ],
            [
              25.366897,
              54.842661
            ],
            [
              25.365609,
              54.839949
            ],
            [
              25.363476,
              54.839877
            ],
            [
              25.361256,
              54.841081
            ],
            [
              25.361974,
              54.844579
            ],
            [
              25.358315,
              54.84492
            ],
            [
              25.356638,
              54.849243
            ],
            [
              25.351914,
              54.851519
            ],
            [
              25.351737,
              54.853342
            ],
            [
              25.350476,
              54.85154
            ],
            [
              25.348125,
              54.85173
            ],
            [
              25.348102,
              54.853455
            ],
            [
              25.350849,
              54.854081
            ],
            [
              25.347086,
              54.855472
            ],
            [
              25.350671,
              54.856276
            ],
            [
              25.346476,
              54.856664
            ],
            [
              25.343772,
              54.851785
            ],
            [
              25.340222,
              54.851827
            ],
            [
              25.338269,
              54.856288
            ],
            [
              25.343135,
              54.857081
            ],
            [
              25.337276,
              54.857881
            ],
            [
              25.341151,
              54.861081
            ],
            [
              25.336217,
              54.866081
            ],
            [
              25.348476,
              54.865432
            ],
            [
              25.348252,
              54.868306
            ],
            [
              25.350476,
              54.869441
            ],
            [
              25.354028,
              54.868081
            ],
            [
              25.349386,
              54.861991
            ],
            [
              25.350555,
              54.862003
            ],
            [
              25.354476,
              54.865693
            ],
            [
              25.355476,
              54.861434
            ],
            [
              25.35699,
              54.865568
            ],
            [
              25.362838,
              54.865081
            ],
            [
              25.363999,
              54.868558
            ],
            [
              25.365609,
              54.867948
            ],
            [
              25.367476,
              54.87071
            ],
            [
              25.370272,
              54.869081
            ],
            [
              25.369476,
              54.867037
            ],
            [
              25.370955,
              54.867081
            ],
            [
              25.371476,
              54.869846
            ],
            [
              25.37589,
              54.869081
            ],
            [
              25.373476,
              54.870584
            ],
            [
              25.37097,
              54.870575
            ],
            [
              25.370821,
              54.871737
            ],
            [
              25.373664,
              54.872081
            ],
            [
              25.370766,
              54.872371
            ],
            [
              25.370476,
              54.873857
            ],
            [
              25.369476,
              54.871391
            ],
            [
              25.363116,
              54.873721
            ],
            [
              25.365476,
              54.880986
            ],
            [
              25.359816,
              54.872741
            ],
            [
              25.356476,
              54.874593
            ],
            [
              25.353476,
              54.871689
            ],
            [
              25.352863,
              54.873468
            ],
            [
              25.350476,
              54.873654
            ],
            [
              25.350737,
              54.87182
            ],
            [
              25.348476,
              54.870718
            ],
            [
              25.341169,
              54.874774
            ],
            [
              25.344798,
              54.880081
            ],
            [
              25.341515,
              54.88312
            ],
            [
              25.339472,
              54.883085
            ],
            [
              25.341347,
              54.882952
            ],
            [
              25.341379,
              54.881983
            ],
            [
              25.343181,
              54.880081
            ],
            [
              25.342876,
              54.878681
            ],
            [
              25.340207,
              54.87835
            ],
            [
              25.33912,
              54.872725
            ],
            [
              25.345841,
              54.871081
            ],
            [
              25.341476,
              54.867791
            ],
            [
              25.339928,
              54.870532
            ],
            [
              25.337142,
              54.871081
            ],
            [
              25.336476,
              54.877653
            ],
            [
              25.335699,
              54.871858
            ],
            [
              25.333476,
              54.873722
            ],
            [
              25.330848,
              54.872081
            ],
            [
              25.33106,
              54.869664
            ],
            [
              25.333476,
              54.870431
            ],
            [
              25.334771,
              54.868786
            ],
            [
              25.330305,
              54.868909
            ],
            [
              25.330152,
              54.882757
            ],
            [
              25.329039,
              54.882518
            ],
            [
              25.328742,
              54.880815
            ],
            [
              25.326093,
              54.880464
            ],
            [
              25.326873,
              54.879081
            ],
            [
              25.324866,
              54.878081
            ],
            [
              25.327476,
              54.871792
            ],
            [
              25.324908,
              54.875513
            ],
            [
              25.321476,
              54.875788
            ],
            [
              25.318301,
              54.878906
            ],
            [
              25.319954,
              54.882558
            ],
            [
              25.317996,
              54.882561
            ],
            [
              25.316476,
              54.879827
            ],
            [
              25.312319,
              54.880924
            ],
            [
              25.320159,
              54.885081
            ],
            [
              25.317162,
              54.889081
            ],
            [
              25.318476,
              54.894473
            ],
            [
              25.322779,
              54.893383
            ],
            [
              25.322189,
              54.890794
            ],
            [
              25.32484,
              54.890445
            ],
            [
              25.330476,
              54.883942
            ],
            [
              25.329697,
              54.887081
            ],
            [
              25.331602,
              54.888207
            ],
            [
              25.330476,
              54.88932
            ],
            [
              25.32803,
              54.888634
            ],
            [
              25.328713,
              54.890318
            ],
            [
              25.326103,
              54.890708
            ],
            [
              25.322968,
              54.897081
            ],
            [
              25.325476,
              54.899736
            ],
            [
              25.326263,
              54.898081
            ],
            [
              25.323993,
              54.896598
            ],
            [
              25.329476,
              54.896081
            ],
            [
              25.331039,
              54.898081
            ],
            [
              25.327003,
              54.900608
            ],
            [
              25.326476,
              54.903161
            ],
            [
              25.325476,
              54.902265
            ],
            [
              25.323012,
              54.903617
            ],
            [
              25.322778,
              54.905081
            ],
            [
              25.324537,
              54.907081
            ],
            [
              25.324476,
              54.908744
            ]
          ],
          [
            [
              25.274476,
              54.779577
            ],
            [
              25.277204,
              54.776081
            ],
            [
              25.27598,
              54.773584
            ],
            [
              25.280384,
              54.772081
            ],
            [
              25.273476,
              54.772705
            ],
            [
              25.272181,
              54.768786
            ],
            [
              25.277808,
              54.769413
            ],
            [
              25.277184,
              54.764789
            ],
            [
              25.281476,
              54.763579
            ],
            [
              25.281343,
              54.770214
            ],
            [
              25.282513,
              54.771118
            ],
            [
              25.28205,
              54.766655
            ],
            [
              25.290547,
              54.762081
            ],
            [
              25.28919,
              54.753795
            ],
            [
              25.291476,
              54.75265
            ],
            [
              25.298476,
              54.753527
            ],
            [
              25.305476,
              54.75927
            ],
            [
              25.306501,
              54.757057
            ],
            [
              25.303905,
              54.756652
            ],
            [
              25.300866,
              54.751081
            ],
            [
              25.302476,
              54.74872
            ],
            [
              25.303476,
              54.749708
            ],
            [
              25.305476,
              54.748693
            ],
            [
              25.313476,
              54.749588
            ],
            [
              25.317476,
              54.751482
            ],
            [
              25.318476,
              54.750495
            ],
            [
              25.320476,
              54.752385
            ],
            [
              25.326321,
              54.751236
            ],
            [
              25.327476,
              54.752575
            ],
            [
              25.328871,
              54.752081
            ],
            [
              25.327476,
              54.75098
            ],
            [
              25.321476,
              54.75075
            ],
            [
              25.310476,
              54.747541
            ],
            [
              25.309476,
              54.748514
            ],
            [
              25.306211,
              54.747347
            ],
            [
              25.307476,
              54.745566
            ],
            [
              25.315476,
              54.745669
            ],
            [
              25.321476,
              54.748644
            ],
            [
              25.325865,
              54.74747
            ],
            [
              25.326476,
              54.745698
            ],
            [
              25.327476,
              54.74762
            ],
            [
              25.328027,
              54.746632
            ],
            [
              25.334476,
              54.74759
            ],
            [
              25.334923,
              54.745635
            ],
            [
              25.332107,
              54.743712
            ],
            [
              25.336662,
              54.743081
            ],
            [
              25.332191,
              54.739796
            ],
            [
              25.335476,
              54.739726
            ],
            [
              25.338476,
              54.741682
            ],
            [
              25.344476,
              54.739731
            ],
            [
              25.3545,
              54.746057
            ],
            [
              25.355365,
              54.748192
            ],
            [
              25.357929,
              54.748629
            ],
            [
              25.360389,
              54.751169
            ],
            [
              25.362476,
              54.751578
            ],
            [
              25.351182,
              54.742376
            ],
            [
              25.351182,
              54.740787
            ],
            [
              25.354476,
              54.739574
            ],
            [
              25.359476,
              54.741454
            ],
            [
              25.365476,
              54.741261
            ],
            [
              25.366476,
              54.742202
            ],
            [
              25.368847,
              54.742081
            ],
            [
              25.364476,
              54.739944
            ],
            [
              25.362476,
              54.740781
            ],
            [
              25.357476,
              54.739651
            ],
            [
              25.358476,
              54.737685
            ],
            [
              25.353476,
              54.73857
            ],
            [
              25.34822,
              54.736337
            ],
            [
              25.349476,
              54.734607
            ],
            [
              25.352792,
              54.735397
            ],
            [
              25.352918,
              54.730639
            ],
            [
              25.351831,
              54.733436
            ],
            [
              25.348476,
              54.733536
            ],
            [
              25.349965,
              54.732081
            ],
            [
              25.347032,
              54.729081
            ],
            [
              25.348476,
              54.728636
            ],
            [
              25.356476,
              54.731481
            ],
            [
              25.360476,
              54.731371
            ],
            [
              25.361476,
              54.732309
            ],
            [
              25.365093,
              54.732464
            ],
            [
              25.365435,
              54.733081
            ],
            [
              25.365911,
              54.733081
            ],
            [
              25.365543,
              54.732081
            ],
            [
              25.352142,
              54.728415
            ],
            [
              25.349825,
              54.723081
            ],
            [
              25.354476,
              54.719498
            ],
            [
              25.365476,
              54.71916
            ],
            [
              25.364516,
              54.718041
            ],
            [
              25.361476,
              54.71887
            ],
            [
              25.3577,
              54.717857
            ],
            [
              25.357876,
              54.715481
            ],
            [
              25.364476,
              54.714306
            ],
            [
              25.367959,
              54.712081
            ],
            [
              25.365716,
              54.711841
            ],
            [
              25.364489,
              54.709068
            ],
            [
              25.362476,
              54.709352
            ],
            [
              25.363328,
              54.706933
            ],
            [
              25.366263,
              54.709294
            ],
            [
              25.367476,
              54.708003
            ],
            [
              25.371704,
              54.709309
            ],
            [
              25.377101,
              54.706081
            ],
            [
              25.376764,
              54.705081
            ],
            [
              25.369476,
              54.705756
            ],
            [
              25.367079,
              54.704479
            ],
            [
              25.371791,
              54.702081
            ],
            [
              25.369958,
              54.701081
            ],
            [
              25.37319,
              54.697795
            ],
            [
              25.379476,
              54.699045
            ],
            [
              25.380476,
              54.697541
            ],
            [
              25.379859,
              54.699081
            ],
            [
              25.381476,
              54.699182
            ],
            [
              25.384476,
              54.697249
            ],
            [
              25.390476,
              54.696831
            ],
            [
              25.390476,
              54.69504
            ],
            [
              25.382476,
              54.694772
            ],
            [
              25.377476,
              54.697568
            ],
            [
              25.370221,
              54.694826
            ],
            [
              25.375476,
              54.692514
            ],
            [
              25.376476,
              54.693496
            ],
            [
              25.388476,
              54.693403
            ],
            [
              25.393518,
              54.691123
            ],
            [
              25.394233,
              54.690081
            ],
            [
              25.390476,
              54.691844
            ],
            [
              25.389476,
              54.690902
            ],
            [
              25.377476,
              54.692537
            ],
            [
              25.369235,
              54.690322
            ],
            [
              25.366476,
              54.6865
            ],
            [
              25.360476,
              54.688578
            ],
            [
              25.360037,
              54.686642
            ],
            [
              25.363476,
              54.68586
            ],
            [
              25.358476,
              54.686658
            ],
            [
              25.358952,
              54.683605
            ],
            [
              25.354137,
              54.682081
            ],
            [
              25.359476,
              54.681766
            ],
            [
              25.360476,
              54.684673
            ],
            [
              25.370476,
              54.682693
            ],
            [
              25.373773,
              54.683784
            ],
            [
              25.374476,
              54.685584
            ],
            [
              25.378476,
              54.68359
            ],
            [
              25.391476,
              54.684196
            ],
            [
              25.393476,
              54.683203
            ],
            [
              25.394547,
              54.684152
            ],
            [
              25.397593,
              54.681081
            ],
            [
              25.396476,
              54.67997
            ],
            [
              25.394763,
              54.680794
            ],
            [
              25.393858,
              54.677463
            ],
            [
              25.397476,
              54.678246
            ],
            [
              25.400568,
              54.677173
            ],
            [
              25.39969,
              54.672294
            ],
            [
              25.404476,
              54.671023
            ],
            [
              25.400476,
              54.670825
            ],
            [
              25.395476,
              54.668007
            ],
            [
              25.392476,
              54.670616
            ],
            [
              25.386476,
              54.670607
            ],
            [
              25.386176,
              54.667081
            ],
            [
              25.390306,
              54.668081
            ],
            [
              25.389435,
              54.669081
            ],
            [
              25.389476,
              54.669877
            ],
            [
              25.390565,
              54.669081
            ],
            [
              25.391085,
              54.66369
            ],
            [
              25.398476,
              54.660652
            ],
            [
              25.399476,
              54.665543
            ],
            [
              25.401476,
              54.660643
            ],
            [
              25.403796,
              54.660761
            ],
            [
              25.407367,
              54.666191
            ],
            [
              25.409476,
              54.665201
            ],
            [
              25.403996,
              54.659081
            ],
            [
              25.405202,
              54.654807
            ],
            [
              25.409476,
              54.654614
            ],
            [
              25.409973,
              54.652081
            ],
            [
              25.408476,
              54.653532
            ],
            [
              25.406189,
              54.653368
            ],
            [
              25.405476,
              54.651563
            ],
            [
              25.397476,
              54.652503
            ],
            [
              25.39613,
              54.649735
            ],
            [
              25.40173,
              54.647827
            ],
            [
              25.395476,
              54.648605
            ],
            [
              25.393476,
              54.646671
            ],
            [
              25.394476,
              54.652455
            ],
            [
              25.390476,
              54.653419
            ],
            [
              25.388243,
              54.652314
            ],
            [
              25.388476,
              54.648455
            ],
            [
              25.382476,
              54.650397
            ],
            [
              25.380476,
              54.648428
            ],
            [
              25.380681,
              54.651285
            ],
            [
              25.378476,
              54.651387
            ],
            [
              25.375127,
              54.650431
            ],
            [
              25.370476,
              54.645452
            ],
            [
              25.365119,
              54.643438
            ],
            [
              25.363476,
              54.640587
            ],
            [
              25.363808,
              54.644412
            ],
            [
              25.361734,
              54.645339
            ],
            [
              25.358234,
              54.645324
            ],
            [
              25.360476,
              54.642323
            ],
            [
              25.354476,
              54.643296
            ],
            [
              25.354275,
              54.642081
            ],
            [
              25.355476,
              54.642883
            ],
            [
              25.364476,
              54.638912
            ],
            [
              25.37223,
              54.637835
            ],
            [
              25.389265,
              54.62987
            ],
            [
              25.395476,
              54.629526
            ],
            [
              25.397761,
              54.630797
            ],
            [
              25.395966,
              54.632081
            ],
            [
              25.397813,
              54.633417
            ],
            [
              25.392476,
              54.632771
            ],
            [
              25.392281,
              54.634276
            ],
            [
              25.396842,
              54.634716
            ],
            [
              25.396496,
              54.640081
            ],
            [
              25.401124,
              54.640433
            ],
            [
              25.402476,
              54.641992
            ],
            [
              25.401841,
              54.639445
            ],
            [
              25.405268,
              54.639081
            ],
            [
              25.400967,
              54.63859
            ],
            [
              25.402024,
              54.635629
            ],
            [
              25.408613,
              54.637218
            ],
            [
              25.410217,
              54.636081
            ],
            [
              25.399476,
              54.634662
            ],
            [
              25.400143,
              54.632748
            ],
            [
              25.403756,
              54.633361
            ],
            [
              25.406476,
              54.628561
            ],
            [
              25.409875,
              54.628682
            ],
            [
              25.411476,
              54.631543
            ],
            [
              25.412476,
              54.628427
            ],
            [
              25.412374,
              54.630184
            ],
            [
              25.415476,
              54.632037
            ],
            [
              25.41596,
              54.627565
            ],
            [
              25.420738,
              54.627081
            ],
            [
              25.415476,
              54.626834
            ],
            [
              25.414476,
              54.627788
            ],
            [
              25.411476,
              54.626734
            ],
            [
              25.410893,
              54.624497
            ],
            [
              25.414387,
              54.624081
            ],
            [
              25.410822,
              54.623735
            ],
            [
              25.409403,
              54.622008
            ],
            [
              25.407476,
              54.626852
            ],
            [
              25.405476,
              54.625108
            ],
            [
              25.405023,
              54.627081
            ],
            [
              25.401476,
              54.626471
            ],
            [
              25.401237,
              54.624842
            ],
            [
              25.403476,
              54.622703
            ],
            [
              25.414476,
              54.619536
            ],
            [
              25.418954,
              54.621604
            ],
            [
              25.420476,
              54.624674
            ],
            [
              25.422598,
              54.620959
            ],
            [
              25.419032,
              54.617637
            ],
            [
              25.422476,
              54.616279
            ],
            [
              25.424476,
              54.617889
            ],
            [
              25.425822,
              54.615081
            ],
            [
              25.414798,
              54.615759
            ],
            [
              25.413476,
              54.609753
            ],
            [
              25.406476,
              54.611166
            ],
            [
              25.404476,
              54.609872
            ],
            [
              25.403476,
              54.612821
            ],
            [
              25.398449,
              54.614108
            ],
            [
              25.398882,
              54.612081
            ],
            [
              25.395826,
              54.611732
            ],
            [
              25.395476,
              54.609767
            ],
            [
              25.391476,
              54.611743
            ],
            [
              25.389025,
              54.610532
            ],
            [
              25.389212,
              54.608081
            ],
            [
              25.384359,
              54.606964
            ],
            [
              25.386887,
              54.612492
            ],
            [
              25.385712,
              54.610845
            ],
            [
              25.381476,
              54.610035
            ],
            [
              25.380162,
              54.613767
            ],
            [
              25.377276,
              54.614081
            ],
            [
              25.383969,
              54.615589
            ],
            [
              25.383837,
              54.618441
            ],
            [
              25.372476,
              54.617616
            ],
            [
              25.370047,
              54.615081
            ],
            [
              25.372861,
              54.612697
            ],
            [
              25.370476,
              54.611612
            ],
            [
              25.369476,
              54.61351
            ],
            [
              25.365476,
              54.613463
            ],
            [
              25.362069,
              54.611081
            ],
            [
              25.363476,
              54.6086
            ],
            [
              25.365915,
              54.609081
            ],
            [
              25.365912,
              54.607645
            ],
            [
              25.363114,
              54.606719
            ],
            [
              25.369476,
              54.607335
            ],
            [
              25.371564,
              54.604993
            ],
            [
              25.367476,
              54.60676
            ],
            [
              25.365476,
              54.604737
            ],
            [
              25.364081,
              54.605476
            ],
            [
              25.361588,
              54.601969
            ],
            [
              25.359932,
              54.604537
            ],
            [
              25.355399,
              54.604004
            ],
            [
              25.357161,
              54.605081
            ],
            [
              25.354352,
              54.604956
            ],
            [
              25.35419,
              54.606081
            ],
            [
              25.361771,
              54.609376
            ],
            [
              25.357476,
              54.608566
            ],
            [
              25.35677,
              54.613375
            ],
            [
              25.351987,
              54.614081
            ],
            [
              25.352476,
              54.615549
            ],
            [
              25.361476,
              54.613699
            ],
            [
              25.360476,
              54.616446
            ],
            [
              25.356476,
              54.61749
            ],
            [
              25.351476,
              54.616513
            ],
            [
              25.347853,
              54.609704
            ],
            [
              25.344476,
              54.608533
            ],
            [
              25.340476,
              54.612408
            ],
            [
              25.336912,
              54.606645
            ],
            [
              25.334476,
              54.605437
            ],
            [
              25.328476,
              54.606383
            ],
            [
              25.328939,
              54.603618
            ],
            [
              25.325476,
              54.602374
            ],
            [
              25.323476,
              54.603358
            ],
            [
              25.323257,
              54.601861
            ],
            [
              25.329476,
              54.598636
            ],
            [
              25.332476,
              54.600412
            ],
            [
              25.332109,
              54.598714
            ],
            [
              25.334476,
              54.597473
            ],
            [
              25.336476,
              54.600335
            ],
            [
              25.341476,
              54.599814
            ],
            [
              25.342476,
              54.598267
            ],
            [
              25.345476,
              54.599931
            ],
            [
              25.347476,
              54.599271
            ],
            [
              25.344823,
              54.597081
            ],
            [
              25.34672,
              54.594837
            ],
            [
              25.344693,
              54.594081
            ],
            [
              25.350217,
              54.592081
            ],
            [
              25.348777,
              54.589781
            ],
            [
              25.346476,
              54.590877
            ],
            [
              25.344879,
              54.589678
            ],
            [
              25.340476,
              54.590888
            ],
            [
              25.330476,
              54.589994
            ],
            [
              25.317145,
              54.585412
            ],
            [
              25.314476,
              54.581528
            ],
            [
              25.322476,
              54.584126
            ],
            [
              25.324543,
              54.582081
            ],
            [
              25.318476,
              54.581795
            ],
            [
              25.315087,
              54.57947
            ],
            [
              25.315855,
              54.575459
            ],
            [
              25.318706,
              54.575081
            ],
            [
              25.315792,
              54.574765
            ],
            [
              25.315476,
              54.5731
            ],
            [
              25.31492,
              54.577524
            ],
            [
              25.311476,
              54.57781
            ],
            [
              25.310476,
              54.579731
            ],
            [
              25.304476,
              54.580997
            ],
            [
              25.29941,
              54.580015
            ],
            [
              25.298218,
              54.582823
            ],
            [
              25.293476,
              54.582786
            ],
            [
              25.288212,
              54.584817
            ],
            [
              25.290182,
              54.585375
            ],
            [
              25.290476,
              54.587735
            ],
            [
              25.286476,
              54.587873
            ],
            [
              25.285476,
              54.586929
            ],
            [
              25.28233,
              54.587081
            ],
            [
              25.285476,
              54.588253
            ],
            [
              25.292877,
              54.588681
            ],
            [
              25.29537,
              54.593081
            ],
            [
              25.293099,
              54.594458
            ],
            [
              25.301476,
              54.596734
            ],
            [
              25.302031,
              54.598527
            ],
            [
              25.304775,
              54.599081
            ],
            [
              25.304476,
              54.60039
            ],
            [
              25.301158,
              54.601399
            ],
            [
              25.299476,
              54.600423
            ],
            [
              25.294476,
              54.603456
            ],
            [
              25.291476,
              54.602502
            ],
            [
              25.289476,
              54.606413
            ],
            [
              25.28771,
              54.594848
            ],
            [
              25.272169,
              54.593388
            ],
            [
              25.271027,
              54.588632
            ],
            [
              25.273276,
              54.588281
            ],
            [
              25.273429,
              54.589129
            ],
            [
              25.274851,
              54.589081
            ],
            [
              25.273476,
              54.587986
            ],
            [
              25.270994,
              54.587563
            ],
            [
              25.269476,
              54.584915
            ],
            [
              25.271476,
              54.598442
            ],
            [
              25.268909,
              54.592649
            ],
            [
              25.263476,
              54.590388
            ],
            [
              25.259476,
              54.591546
            ],
            [
              25.254476,
              54.590202
            ],
            [
              25.253647,
              54.592252
            ],
            [
              25.250219,
              54.593338
            ],
            [
              25.247476,
              54.589143
            ],
            [
              25.242117,
              54.58844
            ],
            [
              25.243126,
              54.586731
            ],
            [
              25.251476,
              54.588149
            ],
            [
              25.256684,
              54.585081
            ],
            [
              25.252476,
              54.583252
            ],
            [
              25.251476,
              54.584829
            ],
            [
              25.249476,
              54.582935
            ],
            [
              25.246667,
              54.583081
            ],
            [
              25.247476,
              54.58471
            ],
            [
              25.246794,
              54.584081
            ],
            [
              25.246284,
              54.582081
            ],
            [
              25.245476,
              54.581857
            ],
            [
              25.244923,
              54.583528
            ],
            [
              25.242476,
              54.583784
            ],
            [
              25.241527,
              54.58103
            ],
            [
              25.239063,
              54.582081
            ],
            [
              25.241817,
              54.586421
            ],
            [
              25.238476,
              54.586552
            ],
            [
              25.234226,
              54.583831
            ],
            [
              25.23593,
              54.588081
            ],
            [
              25.234476,
              54.589465
            ],
            [
              25.230057,
              54.586662
            ],
            [
              25.232857,
              54.590081
            ],
            [
              25.230476,
              54.591425
            ],
            [
              25.225156,
              54.591401
            ],
            [
              25.224885,
              54.588489
            ],
            [
              25.227741,
              54.587081
            ],
            [
              25.227485,
              54.586081
            ],
            [
              25.220068,
              54.58849
            ],
            [
              25.22451,
              54.583114
            ],
            [
              25.224516,
              54.582042
            ],
            [
              25.218868,
              54.587473
            ],
            [
              25.214476,
              54.588573
            ],
            [
              25.212009,
              54.586081
            ],
            [
              25.213796,
              54.580081
            ],
            [
              25.211476,
              54.582671
            ],
            [
              25.207881,
              54.581676
            ],
            [
              25.209626,
              54.577931
            ],
            [
              25.207332,
              54.577937
            ],
            [
              25.206476,
              54.580778
            ],
            [
              25.204282,
              54.580275
            ],
            [
              25.203476,
              54.577426
            ],
            [
              25.200476,
              54.578041
            ],
            [
              25.20245,
              54.581081
            ],
            [
              25.198686,
              54.584081
            ],
            [
              25.199351,
              54.586081
            ],
            [
              25.206476,
              54.584309
            ],
            [
              25.207968,
              54.587081
            ],
            [
              25.205476,
              54.586658
            ],
            [
              25.203943,
              54.589548
            ],
            [
              25.19807,
              54.590675
            ],
            [
              25.198737,
              54.592342
            ],
            [
              25.196476,
              54.593509
            ],
            [
              25.188476,
              54.592567
            ],
            [
              25.186476,
              54.593566
            ],
            [
              25.183476,
              54.588558
            ],
            [
              25.179739,
              54.592343
            ],
            [
              25.175476,
              54.593429
            ],
            [
              25.170026,
              54.591631
            ],
            [
              25.16974,
              54.594344
            ],
            [
              25.165894,
              54.595498
            ],
            [
              25.16673,
              54.597334
            ],
            [
              25.164476,
              54.596344
            ],
            [
              25.161911,
              54.599081
            ],
            [
              25.165738,
              54.598819
            ],
            [
              25.163878,
              54.603081
            ],
            [
              25.167476,
              54.605312
            ],
            [
              25.161332,
              54.604225
            ],
            [
              25.161476,
              54.601255
            ],
            [
              25.158476,
              54.602303
            ],
            [
              25.157476,
              54.600392
            ],
            [
              25.15318,
              54.601081
            ],
            [
              25.155858,
              54.597081
            ],
            [
              25.152132,
              54.595737
            ],
            [
              25.155476,
              54.593468
            ],
            [
              25.158,
              54.593557
            ],
            [
              25.159433,
              54.595125
            ],
            [
              25.161476,
              54.595339
            ],
            [
              25.159957,
              54.592562
            ],
            [
              25.163555,
              54.593081
            ],
            [
              25.163476,
              54.590277
            ],
            [
              25.158697,
              54.58886
            ],
            [
              25.156476,
              54.590238
            ],
            [
              25.156459,
              54.589081
            ],
            [
              25.15358,
              54.588081
            ],
            [
              25.152466,
              54.588071
            ],
            [
              25.153096,
              54.5897
            ],
            [
              25.149312,
              54.591081
            ],
            [
              25.150476,
              54.594573
            ],
            [
              25.147476,
              54.592631
            ],
            [
              25.143476,
              54.592594
            ],
            [
              25.139476,
              54.594508
            ],
            [
              25.137015,
              54.58762
            ],
            [
              25.141476,
              54.587185
            ],
            [
              25.143211,
              54.586081
            ],
            [
              25.136476,
              54.586785
            ],
            [
              25.133476,
              54.584998
            ],
            [
              25.131037,
              54.585081
            ],
            [
              25.135943,
              54.587614
            ],
            [
              25.137788,
              54.593393
            ],
            [
              25.123476,
              54.594933
            ],
            [
              25.122827,
              54.58873
            ],
            [
              25.118476,
              54.587693
            ],
            [
              25.118192,
              54.589366
            ],
            [
              25.121808,
              54.589749
            ],
            [
              25.121767,
              54.591372
            ],
            [
              25.119476,
              54.59253
            ],
            [
              25.117148,
              54.590753
            ],
            [
              25.117745,
              54.59635
            ],
            [
              25.114086,
              54.596691
            ],
            [
              25.113694,
              54.601299
            ],
            [
              25.107476,
              54.604366
            ],
            [
              25.095208,
              54.599349
            ],
            [
              25.08909,
              54.593467
            ],
            [
              25.093366,
              54.589081
            ],
            [
              25.090476,
              54.590816
            ],
            [
              25.089581,
              54.589185
            ],
            [
              25.0909,
              54.589081
            ],
            [
              25.090541,
              54.589016
            ],
            [
              25.089436,
              54.58904
            ],
            [
              25.088055,
              54.59066
            ],
            [
              25.085476,
              54.590819
            ],
            [
              25.084476,
              54.589029
            ],
            [
              25.083142,
              54.590747
            ],
            [
              25.080476,
              54.591031
            ],
            [
              25.080404,
              54.591153
            ],
            [
              25.08614,
              54.593081
            ],
            [
              25.081476,
              54.594612
            ],
            [
              25.077126,
              54.592731
            ],
            [
              25.077218,
              54.595339
            ],
            [
              25.080992,
              54.596081
            ],
            [
              25.078476,
              54.597497
            ],
            [
              25.072054,
              54.591503
            ],
            [
              25.073813,
              54.590081
            ],
            [
              25.067287,
              54.587081
            ],
            [
              25.066,
              54.589081
            ],
            [
              25.069058,
              54.589499
            ],
            [
              25.076756,
              54.599361
            ],
            [
              25.075476,
              54.600528
            ],
            [
              25.058476,
              54.599305
            ],
            [
              25.057336,
              54.600081
            ],
            [
              25.062476,
              54.601496
            ],
            [
              25.067476,
              54.600477
            ],
            [
              25.074938,
              54.604543
            ],
            [
              25.068762,
              54.605795
            ],
            [
              25.068477,
              54.60308
            ],
            [
              25.066476,
              54.605816
            ],
            [
              25.062476,
              54.604468
            ],
            [
              25.06106,
              54.606081
            ],
            [
              25.067135,
              54.607081
            ],
            [
              25.062476,
              54.61059
            ],
            [
              25.056305,
              54.609909
            ],
            [
              25.058057,
              54.612081
            ],
            [
              25.053058,
              54.616081
            ],
            [
              25.057017,
              54.619081
            ],
            [
              25.055091,
              54.618695
            ],
            [
              25.054476,
              54.620489
            ],
            [
              25.043476,
              54.621653
            ],
            [
              25.042693,
              54.618081
            ],
            [
              25.043531,
              54.617081
            ],
            [
              25.043476,
              54.615818
            ],
            [
              25.041958,
              54.616563
            ],
            [
              25.041887,
              54.621492
            ],
            [
              25.034476,
              54.621944
            ],
            [
              25.032124,
              54.623081
            ],
            [
              25.041892,
              54.622666
            ],
            [
              25.041185,
              54.624081
            ],
            [
              25.041476,
              54.628007
            ],
            [
              25.043073,
              54.622678
            ],
            [
              25.052476,
              54.621653
            ],
            [
              25.049294,
              54.632081
            ],
            [
              25.052086,
              54.632472
            ],
            [
              25.050473,
              54.634084
            ],
            [
              25.056413,
              54.639144
            ],
            [
              25.06034,
              54.637081
            ],
            [
              25.057735,
              54.636081
            ],
            [
              25.062052,
              54.632657
            ],
            [
              25.068476,
              54.632312
            ],
            [
              25.072736,
              54.632821
            ],
            [
              25.072035,
              54.636522
            ],
            [
              25.077681,
              54.639285
            ],
            [
              25.073995,
              54.6406
            ],
            [
              25.073476,
              54.643342
            ],
            [
              25.063476,
              54.642406
            ],
            [
              25.056476,
              54.644407
            ],
            [
              25.053476,
              54.64338
            ],
            [
              25.051476,
              54.645515
            ],
            [
              25.047476,
              54.644592
            ],
            [
              25.046476,
              54.645637
            ],
            [
              25.036567,
              54.64599
            ],
            [
              25.033532,
              54.648025
            ],
            [
              25.045476,
              54.648476
            ],
            [
              25.047354,
              54.653203
            ],
            [
              25.049476,
              54.652262
            ],
            [
              25.055476,
              54.654123
            ],
            [
              25.059476,
              54.653573
            ],
            [
              25.059476,
              54.655491
            ],
            [
              25.061732,
              54.655337
            ],
            [
              25.063476,
              54.651606
            ],
            [
              25.067476,
              54.651697
            ],
            [
              25.069476,
              54.653705
            ],
            [
              25.074476,
              54.649777
            ],
            [
              25.076016,
              54.658541
            ],
            [
              25.077476,
              54.656675
            ],
            [
              25.085476,
              54.656793
            ],
            [
              25.085476,
              54.662965
            ],
            [
              25.087476,
              54.657802
            ],
            [
              25.092476,
              54.660752
            ],
            [
              25.091476,
              54.65684
            ],
            [
              25.094476,
              54.656835
            ],
            [
              25.096476,
              54.658753
            ],
            [
              25.097476,
              54.656855
            ],
            [
              25.109476,
              54.656895
            ],
            [
              25.102774,
              54.658081
            ],
            [
              25.109476,
              54.658897
            ],
            [
              25.115476,
              54.654902
            ],
            [
              25.11872,
              54.655837
            ],
            [
              25.116812,
              54.657081
            ],
            [
              25.118018,
              54.659539
            ],
            [
              25.121476,
              54.659786
            ],
            [
              25.122731,
              54.663081
            ],
            [
              25.116301,
              54.665257
            ],
            [
              25.113348,
              54.664209
            ],
            [
              25.110042,
              54.659515
            ],
            [
              25.106476,
              54.659302
            ],
            [
              25.104917,
              54.66264
            ],
            [
              25.108476,
              54.661872
            ],
            [
              25.110675,
              54.664279
            ],
            [
              25.105917,
              54.663522
            ],
            [
              25.103732,
              54.665081
            ],
            [
              25.104291,
              54.667267
            ],
            [
              25.102476,
              54.665406
            ],
            [
              25.093476,
              54.664314
            ],
            [
              25.092623,
              54.668228
            ],
            [
              25.085962,
              54.671567
            ],
            [
              25.086022,
              54.674081
            ],
            [
              25.083476,
              54.675332
            ],
            [
              25.086212,
              54.666345
            ],
            [
              25.081476,
              54.664167
            ],
            [
              25.081033,
              54.666638
            ],
            [
              25.078476,
              54.666882
            ],
            [
              25.077929,
              54.665534
            ],
            [
              25.081335,
              54.664081
            ],
            [
              25.078476,
              54.662844
            ],
            [
              25.07697,
              54.665575
            ],
            [
              25.073476,
              54.665756
            ],
            [
              25.071476,
              54.663316
            ],
            [
              25.069476,
              54.662423
            ],
            [
              25.075998,
              54.669081
            ],
            [
              25.071872,
              54.675477
            ],
            [
              25.067476,
              54.673852
            ],
            [
              25.063129,
              54.674081
            ],
            [
              25.068933,
              54.675624
            ],
            [
              25.066476,
              54.67789
            ],
            [
              25.062951,
              54.678081
            ],
            [
              25.066285,
              54.678272
            ],
            [
              25.065927,
              54.679532
            ],
            [
              25.062072,
              54.679677
            ],
            [
              25.04484,
              54.690081
            ],
            [
              25.047476,
              54.690432
            ],
            [
              25.051476,
              54.687534
            ],
            [
              25.055476,
              54.688405
            ],
            [
              25.061476,
              54.68559
            ],
            [
              25.068476,
              54.685679
            ],
            [
              25.067884,
              54.692488
            ],
            [
              25.060196,
              54.694081
            ],
            [
              25.065008,
              54.694549
            ],
            [
              25.065273,
              54.696878
            ],
            [
              25.064431,
              54.697036
            ],
            [
              25.064476,
              54.697939
            ],
            [
              25.066463,
              54.697081
            ],
            [
              25.067035,
              54.69364
            ],
            [
              25.068726,
              54.693331
            ],
            [
              25.072168,
              54.687773
            ],
            [
              25.074476,
              54.686607
            ],
            [
              25.076794,
              54.687398
            ],
            [
              25.076804,
              54.685753
            ],
            [
              25.073476,
              54.685537
            ],
            [
              25.073221,
              54.683826
            ],
            [
              25.079476,
              54.6857
            ],
            [
              25.081476,
              54.681772
            ],
            [
              25.08613,
              54.682428
            ],
            [
              25.085641,
              54.686246
            ],
            [
              25.089184,
              54.681789
            ],
            [
              25.096122,
              54.680727
            ],
            [
              25.095476,
              54.68246
            ],
            [
              25.090895,
              54.683081
            ],
            [
              25.096476,
              54.683707
            ],
            [
              25.098476,
              54.686664
            ],
            [
              25.101476,
              54.683727
            ],
            [
              25.106476,
              54.682681
            ],
            [
              25.108476,
              54.686489
            ],
            [
              25.107295,
              54.6779
            ],
            [
              25.109476,
              54.679809
            ],
            [
              25.110476,
              54.677828
            ],
            [
              25.113476,
              54.67883
            ],
            [
              25.115476,
              54.676847
            ],
            [
              25.117476,
              54.677849
            ],
            [
              25.118476,
              54.676857
            ],
            [
              25.118943,
              54.679614
            ],
            [
              25.122476,
              54.67787
            ],
            [
              25.121908,
              54.680649
            ],
            [
              25.124476,
              54.678878
            ],
            [
              25.125878,
              54.681679
            ],
            [
              25.128476,
              54.68089
            ],
            [
              25.130598,
              54.681959
            ],
            [
              25.130476,
              54.683896
            ],
            [
              25.135302,
              54.682907
            ],
            [
              25.144476,
              54.683924
            ],
            [
              25.145671,
              54.686276
            ],
            [
              25.138914,
              54.687518
            ],
            [
              25.13888,
              54.690677
            ],
            [
              25.148476,
              54.69188
            ],
            [
              25.153476,
              54.690894
            ],
            [
              25.155591,
              54.694195
            ],
            [
              25.151476,
              54.695267
            ],
            [
              25.145885,
              54.69349
            ],
            [
              25.142842,
              54.699446
            ],
            [
              25.140476,
              54.69961
            ],
            [
              25.138476,
              54.697675
            ],
            [
              25.137476,
              54.701536
            ],
            [
              25.132862,
              54.698081
            ],
            [
              25.132963,
              54.695568
            ],
            [
              25.134521,
              54.694126
            ],
            [
              25.134509,
              54.693114
            ],
            [
              25.135076,
              54.693081
            ],
            [
              25.134466,
              54.69307
            ],
            [
              25.132324,
              54.694929
            ],
            [
              25.130476,
              54.697716
            ],
            [
              25.127968,
              54.696589
            ],
            [
              25.127476,
              54.693813
            ],
            [
              25.124476,
              54.694854
            ],
            [
              25.127236,
              54.697081
            ],
            [
              25.123428,
              54.698081
            ],
            [
              25.1291,
              54.702081
            ],
            [
              25.12409,
              54.703081
            ],
            [
              25.121397,
              54.705081
            ],
            [
              25.124145,
              54.705413
            ],
            [
              25.124127,
              54.706732
            ],
            [
              25.120756,
              54.707081
            ],
            [
              25.124177,
              54.70738
            ],
            [
              25.124168,
              54.708773
            ],
            [
              25.123401,
              54.709006
            ],
            [
              25.123303,
              54.709908
            ],
            [
              25.122252,
              54.710081
            ],
            [
              25.122476,
              54.710755
            ],
            [
              25.123537,
              54.710142
            ],
            [
              25.123718,
              54.709323
            ],
            [
              25.127476,
              54.708466
            ],
            [
              25.128803,
              54.711407
            ],
            [
              25.124297,
              54.711902
            ],
            [
              25.121476,
              54.716729
            ],
            [
              25.120476,
              54.715785
            ],
            [
              25.115476,
              54.717824
            ],
            [
              25.115155,
              54.716081
            ],
            [
              25.112476,
              54.715985
            ],
            [
              25.11052,
              54.717081
            ],
            [
              25.113165,
              54.717392
            ],
            [
              25.113476,
              54.719397
            ],
            [
              25.116476,
              54.718367
            ],
            [
              25.117476,
              54.720286
            ],
            [
              25.120875,
              54.718682
            ],
            [
              25.120196,
              54.722801
            ],
            [
              25.119409,
              54.723014
            ],
            [
              25.118947,
              54.724081
            ],
            [
              25.123323,
              54.723234
            ],
            [
              25.123476,
              54.724331
            ],
            [
              25.124404,
              54.723081
            ],
            [
              25.122738,
              54.722819
            ],
            [
              25.122053,
              54.719658
            ],
            [
              25.124476,
              54.71856
            ],
            [
              25.125476,
              54.719527
            ],
            [
              25.127476,
              54.717613
            ],
            [
              25.126755,
              54.723081
            ],
            [
              25.134927,
              54.723631
            ],
            [
              25.136184,
              54.725081
            ],
            [
              25.135261,
              54.727866
            ],
            [
              25.13347,
              54.728081
            ],
            [
              25.134476,
              54.728836
            ],
            [
              25.139372,
              54.727081
            ],
            [
              25.136841,
              54.726717
            ],
            [
              25.137006,
              54.725611
            ],
            [
              25.140476,
              54.724517
            ],
            [
              25.143841,
              54.726445
            ],
            [
              25.139492,
              54.727081
            ],
            [
              25.151795,
              54.729762
            ],
            [
              25.148157,
              54.732081
            ],
            [
              25.154404,
              54.738153
            ],
            [
              25.156461,
              54.737081
            ],
            [
              25.154476,
              54.734446
            ],
            [
              25.1565,
              54.737081
            ],
            [
              25.160476,
              54.737215
            ],
            [
              25.161101,
              54.732706
            ],
            [
              25.168689,
              54.731868
            ],
            [
              25.169712,
              54.733316
            ],
            [
              25.165033,
              54.734638
            ],
            [
              25.165045,
              54.736513
            ],
            [
              25.171476,
              54.734737
            ],
            [
              25.171972,
              54.737081
            ],
            [
              25.167202,
              54.738807
            ],
            [
              25.168109,
              54.743081
            ],
            [
              25.165476,
              54.744861
            ],
            [
              25.164434,
              54.743039
            ],
            [
              25.163476,
              54.747467
            ],
            [
              25.169476,
              54.745996
            ],
            [
              25.171476,
              54.747134
            ],
            [
              25.172476,
              54.745285
            ],
            [
              25.174455,
              54.746103
            ],
            [
              25.175812,
              54.746081
            ],
            [
              25.177476,
              54.743474
            ],
            [
              25.180722,
              54.744327
            ],
            [
              25.181476,
              54.74161
            ],
            [
              25.183957,
              54.743081
            ],
            [
              25.183476,
              54.746482
            ],
            [
              25.185476,
              54.741652
            ],
            [
              25.189476,
              54.746574
            ],
            [
              25.192476,
              54.74561
            ],
            [
              25.188984,
              54.742081
            ],
            [
              25.190826,
              54.737731
            ],
            [
              25.192109,
              54.743449
            ],
            [
              25.194776,
              54.743781
            ],
            [
              25.195476,
              54.745811
            ],
            [
              25.198567,
              54.74499
            ],
            [
              25.201349,
              54.747081
            ],
            [
              25.199576,
              54.748982
            ],
            [
              25.202214,
              54.749343
            ],
            [
              25.202476,
              54.751078
            ],
            [
              25.204964,
              54.749593
            ],
            [
              25.203864,
              54.752081
            ],
            [
              25.205926,
              54.754081
            ],
            [
              25.202476,
              54.757999
            ],
            [
              25.203334,
              54.760081
            ],
            [
              25.204664,
              54.758269
            ],
            [
              25.213664,
              54.756268
            ],
            [
              25.215476,
              54.754518
            ],
            [
              25.21716,
              54.757081
            ],
            [
              25.214216,
              54.758341
            ],
            [
              25.222914,
              54.760519
            ],
            [
              25.218861,
              54.756081
            ],
            [
              25.220856,
              54.754081
            ],
            [
              25.218115,
              54.753443
            ],
            [
              25.219476,
              54.751543
            ],
            [
              25.224696,
              54.752862
            ],
            [
              25.225476,
              54.755679
            ],
            [
              25.229955,
              54.75356
            ],
            [
              25.230476,
              54.751772
            ],
            [
              25.234723,
              54.752834
            ],
            [
              25.235476,
              54.754726
            ],
            [
              25.236476,
              54.753686
            ],
            [
              25.241864,
              54.754469
            ],
            [
              25.240476,
              54.750729
            ],
            [
              25.248476,
              54.751686
            ],
            [
              25.251719,
              54.753323
            ],
            [
              25.241476,
              54.755587
            ],
            [
              25.240033,
              54.757081
            ],
            [
              25.243133,
              54.761081
            ],
            [
              25.239476,
              54.760786
            ],
            [
              25.239296,
              54.762261
            ],
            [
              25.247065,
              54.766081
            ],
            [
              25.242327,
              54.766932
            ],
            [
              25.242476,
              54.772118
            ],
            [
              25.246476,
              54.771485
            ],
            [
              25.245766,
              54.769081
            ],
            [
              25.248476,
              54.767478
            ],
            [
              25.250895,
              54.767663
            ],
            [
              25.251476,
              54.770427
            ],
            [
              25.252476,
              54.767413
            ],
            [
              25.255011,
              54.767546
            ],
            [
              25.255276,
              54.768881
            ],
            [
              25.254443,
              54.769048
            ],
            [
              25.254476,
              54.769698
            ],
            [
              25.255539,
              54.769144
            ],
            [
              25.255896,
              54.767501
            ],
            [
              25.258476,
              54.767193
            ],
            [
              25.259951,
              54.766081
            ],
            [
              25.251072,
              54.766485
            ],
            [
              25.251476,
              54.764602
            ],
            [
              25.254476,
              54.765556
            ],
            [
              25.256807,
              54.764412
            ],
            [
              25.256244,
              54.758849
            ],
            [
              25.260741,
              54.758817
            ],
            [
              25.263476,
              54.76264
            ],
            [
              25.26889,
              54.760495
            ],
            [
              25.270476,
              54.75777
            ],
            [
              25.270722,
              54.763327
            ],
            [
              25.263641,
              54.766081
            ],
            [
              25.266476,
              54.768454
            ],
            [
              25.270829,
              54.767728
            ],
            [
              25.274476,
              54.779577
            ]
          ]
        ]
      }
    }
  ]
}
